load_time,source_desc,year,freq_desc,reference_period_desc,begin_code,week_ending,agg_level_desc,domain_desc,state_alpha,county_name,commodity_desc,util_practice_desc,statisticcat_desc,unit_desc,short_desc,domaincat_desc,class_desc,Value
2015-02-19 15:08:06.000,SURVEY,2014,MONTHLY,OCT,10,,NATIONAL,TOTAL,US,,CORN,FOR BEVERAGE ALCOHOL,USAGE,BU,"CORN, FOR BEVERAGE ALCOHOL - USAGE, MEASURED IN BU",NOT SPECIFIED,ALL CLASSES,4200000
2015-02-19 15:08:06.000,SURVEY,2014,MONTHLY,NOV,11,,NATIONAL,TOTAL,US,,CORN,FOR BEVERAGE ALCOHOL,USAGE,BU,"CORN, FOR BEVERAGE ALCOHOL - USAGE, MEASURED IN BU",NOT SPECIFIED,ALL CLASSES,2975000
2015-03-02 15:05:06.000,SURVEY,2014,MONTHLY,DEC,12,,NATIONAL,TOTAL,US,,CORN,FOR BEVERAGE ALCOHOL,USAGE,BU,"CORN, FOR BEVERAGE ALCOHOL - USAGE, MEASURED IN BU",NOT SPECIFIED,ALL CLASSES,2364000
2015-02-19 15:08:06.000,SURVEY,2014,MONTHLY,OCT,10,,NATIONAL,TOTAL,US,,CORN,FOR FUEL ALCOHOL,USAGE,BU,"CORN, FOR FUEL ALCOHOL - USAGE, MEASURED IN BU",NOT SPECIFIED,ALL CLASSES,427347000
2015-02-19 15:08:06.000,SURVEY,2014,MONTHLY,NOV,11,,NATIONAL,TOTAL,US,,CORN,FOR FUEL ALCOHOL,USAGE,BU,"CORN, FOR FUEL ALCOHOL - USAGE, MEASURED IN BU",NOT SPECIFIED,ALL CLASSES,433939000
2015-03-02 15:05:06.000,SURVEY,2014,MONTHLY,DEC,12,,NATIONAL,TOTAL,US,,CORN,FOR FUEL ALCOHOL,USAGE,BU,"CORN, FOR FUEL ALCOHOL - USAGE, MEASURED IN BU",NOT SPECIFIED,ALL CLASSES,455956000
2015-02-19 15:08:06.000,SURVEY,2014,MONTHLY,OCT,10,,NATIONAL,TOTAL,US,,CORN,FOR INDUSTRIAL ALCOHOL,USAGE,BU,"CORN, FOR INDUSTRIAL ALCOHOL - USAGE, MEASURED IN BU",NOT SPECIFIED,ALL CLASSES,5664000
2015-02-19 15:08:06.000,SURVEY,2014,MONTHLY,NOV,11,,NATIONAL,TOTAL,US,,CORN,FOR INDUSTRIAL ALCOHOL,USAGE,BU,"CORN, FOR INDUSTRIAL ALCOHOL - USAGE, MEASURED IN BU",NOT SPECIFIED,ALL CLASSES,6293000
2015-03-02 15:05:06.000,SURVEY,2014,MONTHLY,DEC,12,,NATIONAL,TOTAL,US,,CORN,FOR INDUSTRIAL ALCOHOL,USAGE,BU,"CORN, FOR INDUSTRIAL ALCOHOL - USAGE, MEASURED IN BU",NOT SPECIFIED,ALL CLASSES,6953000
2016-03-01 15:06:01.000,SURVEY,2015,MONTHLY,JAN,1,,NATIONAL,TOTAL,US,,CORN,FOR BEVERAGE ALCOHOL,USAGE,BU,"CORN, FOR BEVERAGE ALCOHOL - USAGE, MEASURED IN BU",NOT SPECIFIED,ALL CLASSES,2087000
2016-03-01 15:06:01.000,SURVEY,2015,MONTHLY,FEB,2,,NATIONAL,TOTAL,US,,CORN,FOR BEVERAGE ALCOHOL,USAGE,BU,"CORN, FOR BEVERAGE ALCOHOL - USAGE, MEASURED IN BU",NOT SPECIFIED,ALL CLASSES,2698000
2016-03-01 15:06:01.000,SURVEY,2015,MONTHLY,MAR,3,,NATIONAL,TOTAL,US,,CORN,FOR BEVERAGE ALCOHOL,USAGE,BU,"CORN, FOR BEVERAGE ALCOHOL - USAGE, MEASURED IN BU",NOT SPECIFIED,ALL CLASSES,2455000
2016-03-01 15:06:01.000,SURVEY,2015,MONTHLY,APR,4,,NATIONAL,TOTAL,US,,CORN,FOR BEVERAGE ALCOHOL,USAGE,BU,"CORN, FOR BEVERAGE ALCOHOL - USAGE, MEASURED IN BU",NOT SPECIFIED,ALL CLASSES,3298000
2016-03-01 15:06:01.000,SURVEY,2015,MONTHLY,MAY,5,,NATIONAL,TOTAL,US,,CORN,FOR BEVERAGE ALCOHOL,USAGE,BU,"CORN, FOR BEVERAGE ALCOHOL - USAGE, MEASURED IN BU",NOT SPECIFIED,ALL CLASSES,3234000
2016-03-01 15:06:01.000,SURVEY,2015,MONTHLY,JUN,6,,NATIONAL,TOTAL,US,,CORN,FOR BEVERAGE ALCOHOL,USAGE,BU,"CORN, FOR BEVERAGE ALCOHOL - USAGE, MEASURED IN BU",NOT SPECIFIED,ALL CLASSES,2492000
2016-03-01 15:06:01.000,SURVEY,2015,MONTHLY,JUL,7,,NATIONAL,TOTAL,US,,CORN,FOR BEVERAGE ALCOHOL,USAGE,BU,"CORN, FOR BEVERAGE ALCOHOL - USAGE, MEASURED IN BU",NOT SPECIFIED,ALL CLASSES,2645000
2016-03-01 15:06:01.000,SURVEY,2015,MONTHLY,AUG,8,,NATIONAL,TOTAL,US,,CORN,FOR BEVERAGE ALCOHOL,USAGE,BU,"CORN, FOR BEVERAGE ALCOHOL - USAGE, MEASURED IN BU",NOT SPECIFIED,ALL CLASSES,3129000
2016-03-01 15:06:01.000,SURVEY,2015,MONTHLY,SEP,9,,NATIONAL,TOTAL,US,,CORN,FOR BEVERAGE ALCOHOL,USAGE,BU,"CORN, FOR BEVERAGE ALCOHOL - USAGE, MEASURED IN BU",NOT SPECIFIED,ALL CLASSES,3478000
2016-03-01 15:06:01.000,SURVEY,2015,MONTHLY,OCT,10,,NATIONAL,TOTAL,US,,CORN,FOR BEVERAGE ALCOHOL,USAGE,BU,"CORN, FOR BEVERAGE ALCOHOL - USAGE, MEASURED IN BU",NOT SPECIFIED,ALL CLASSES,2599000
2016-03-01 15:06:01.000,SURVEY,2015,MONTHLY,NOV,11,,NATIONAL,TOTAL,US,,CORN,FOR BEVERAGE ALCOHOL,USAGE,BU,"CORN, FOR BEVERAGE ALCOHOL - USAGE, MEASURED IN BU",NOT SPECIFIED,ALL CLASSES,2970000
2016-03-01 15:06:01.000,SURVEY,2015,MONTHLY,DEC,12,,NATIONAL,TOTAL,US,,CORN,FOR BEVERAGE ALCOHOL,USAGE,BU,"CORN, FOR BEVERAGE ALCOHOL - USAGE, MEASURED IN BU",NOT SPECIFIED,ALL CLASSES,2807000
2016-03-01 15:06:01.000,SURVEY,2015,MONTHLY,JAN,1,,NATIONAL,TOTAL,US,,CORN,FOR FUEL ALCOHOL,USAGE,BU,"CORN, FOR FUEL ALCOHOL - USAGE, MEASURED IN BU",NOT SPECIFIED,ALL CLASSES,443890000
2016-03-01 15:06:01.000,SURVEY,2015,MONTHLY,FEB,2,,NATIONAL,TOTAL,US,,CORN,FOR FUEL ALCOHOL,USAGE,BU,"CORN, FOR FUEL ALCOHOL - USAGE, MEASURED IN BU",NOT SPECIFIED,ALL CLASSES,394083000
2016-03-01 15:06:01.000,SURVEY,2015,MONTHLY,MAR,3,,NATIONAL,TOTAL,US,,CORN,FOR FUEL ALCOHOL,USAGE,BU,"CORN, FOR FUEL ALCOHOL - USAGE, MEASURED IN BU",NOT SPECIFIED,ALL CLASSES,437828000
2016-03-01 15:06:01.000,SURVEY,2015,MONTHLY,APR,4,,NATIONAL,TOTAL,US,,CORN,FOR FUEL ALCOHOL,USAGE,BU,"CORN, FOR FUEL ALCOHOL - USAGE, MEASURED IN BU",NOT SPECIFIED,ALL CLASSES,407719000
2016-03-01 15:06:01.000,SURVEY,2015,MONTHLY,MAY,5,,NATIONAL,TOTAL,US,,CORN,FOR FUEL ALCOHOL,USAGE,BU,"CORN, FOR FUEL ALCOHOL - USAGE, MEASURED IN BU",NOT SPECIFIED,ALL CLASSES,448984000
2016-03-01 15:06:01.000,SURVEY,2015,MONTHLY,JUN,6,,NATIONAL,TOTAL,US,,CORN,FOR FUEL ALCOHOL,USAGE,BU,"CORN, FOR FUEL ALCOHOL - USAGE, MEASURED IN BU",NOT SPECIFIED,ALL CLASSES,441272000
2016-03-01 15:06:01.000,SURVEY,2015,MONTHLY,JUL,7,,NATIONAL,TOTAL,US,,CORN,FOR FUEL ALCOHOL,USAGE,BU,"CORN, FOR FUEL ALCOHOL - USAGE, MEASURED IN BU",NOT SPECIFIED,ALL CLASSES,448400000
2016-03-01 15:06:01.000,SURVEY,2015,MONTHLY,AUG,8,,NATIONAL,TOTAL,US,,CORN,FOR FUEL ALCOHOL,USAGE,BU,"CORN, FOR FUEL ALCOHOL - USAGE, MEASURED IN BU",NOT SPECIFIED,ALL CLASSES,445718000
2016-03-01 15:06:01.000,SURVEY,2015,MONTHLY,SEP,9,,NATIONAL,TOTAL,US,,CORN,FOR FUEL ALCOHOL,USAGE,BU,"CORN, FOR FUEL ALCOHOL - USAGE, MEASURED IN BU",NOT SPECIFIED,ALL CLASSES,425916000
2016-03-01 15:06:01.000,SURVEY,2015,MONTHLY,OCT,10,,NATIONAL,TOTAL,US,,CORN,FOR FUEL ALCOHOL,USAGE,BU,"CORN, FOR FUEL ALCOHOL - USAGE, MEASURED IN BU",NOT SPECIFIED,ALL CLASSES,440383000
2016-03-01 15:06:01.000,SURVEY,2015,MONTHLY,NOV,11,,NATIONAL,TOTAL,US,,CORN,FOR FUEL ALCOHOL,USAGE,BU,"CORN, FOR FUEL ALCOHOL - USAGE, MEASURED IN BU",NOT SPECIFIED,ALL CLASSES,433903000
2016-03-01 15:06:01.000,SURVEY,2015,MONTHLY,DEC,12,,NATIONAL,TOTAL,US,,CORN,FOR FUEL ALCOHOL,USAGE,BU,"CORN, FOR FUEL ALCOHOL - USAGE, MEASURED IN BU",NOT SPECIFIED,ALL CLASSES,451306000
2016-03-01 15:06:01.000,SURVEY,2015,MONTHLY,JAN,1,,NATIONAL,TOTAL,US,,CORN,FOR INDUSTRIAL ALCOHOL,USAGE,BU,"CORN, FOR INDUSTRIAL ALCOHOL - USAGE, MEASURED IN BU",NOT SPECIFIED,ALL CLASSES,6326000
2016-03-01 15:06:01.000,SURVEY,2015,MONTHLY,FEB,2,,NATIONAL,TOTAL,US,,CORN,FOR INDUSTRIAL ALCOHOL,USAGE,BU,"CORN, FOR INDUSTRIAL ALCOHOL - USAGE, MEASURED IN BU",NOT SPECIFIED,ALL CLASSES,6522000
2016-03-01 15:06:01.000,SURVEY,2015,MONTHLY,MAR,3,,NATIONAL,TOTAL,US,,CORN,FOR INDUSTRIAL ALCOHOL,USAGE,BU,"CORN, FOR INDUSTRIAL ALCOHOL - USAGE, MEASURED IN BU",NOT SPECIFIED,ALL CLASSES,6671000
2016-03-01 15:06:01.000,SURVEY,2015,MONTHLY,APR,4,,NATIONAL,TOTAL,US,,CORN,FOR INDUSTRIAL ALCOHOL,USAGE,BU,"CORN, FOR INDUSTRIAL ALCOHOL - USAGE, MEASURED IN BU",NOT SPECIFIED,ALL CLASSES,6555000
2016-03-01 15:06:01.000,SURVEY,2015,MONTHLY,MAY,5,,NATIONAL,TOTAL,US,,CORN,FOR INDUSTRIAL ALCOHOL,USAGE,BU,"CORN, FOR INDUSTRIAL ALCOHOL - USAGE, MEASURED IN BU",NOT SPECIFIED,ALL CLASSES,5701000
2016-03-01 15:06:01.000,SURVEY,2015,MONTHLY,JUN,6,,NATIONAL,TOTAL,US,,CORN,FOR INDUSTRIAL ALCOHOL,USAGE,BU,"CORN, FOR INDUSTRIAL ALCOHOL - USAGE, MEASURED IN BU",NOT SPECIFIED,ALL CLASSES,6857000
2016-03-01 15:06:01.000,SURVEY,2015,MONTHLY,JUL,7,,NATIONAL,TOTAL,US,,CORN,FOR INDUSTRIAL ALCOHOL,USAGE,BU,"CORN, FOR INDUSTRIAL ALCOHOL - USAGE, MEASURED IN BU",NOT SPECIFIED,ALL CLASSES,6207000
2016-03-01 15:06:01.000,SURVEY,2015,MONTHLY,AUG,8,,NATIONAL,TOTAL,US,,CORN,FOR INDUSTRIAL ALCOHOL,USAGE,BU,"CORN, FOR INDUSTRIAL ALCOHOL - USAGE, MEASURED IN BU",NOT SPECIFIED,ALL CLASSES,6336000
2016-03-01 15:06:01.000,SURVEY,2015,MONTHLY,SEP,9,,NATIONAL,TOTAL,US,,CORN,FOR INDUSTRIAL ALCOHOL,USAGE,BU,"CORN, FOR INDUSTRIAL ALCOHOL - USAGE, MEASURED IN BU",NOT SPECIFIED,ALL CLASSES,5673000
2016-03-01 15:06:01.000,SURVEY,2015,MONTHLY,OCT,10,,NATIONAL,TOTAL,US,,CORN,FOR INDUSTRIAL ALCOHOL,USAGE,BU,"CORN, FOR INDUSTRIAL ALCOHOL - USAGE, MEASURED IN BU",NOT SPECIFIED,ALL CLASSES,6687000
2016-03-01 15:06:01.000,SURVEY,2015,MONTHLY,NOV,11,,NATIONAL,TOTAL,US,,CORN,FOR INDUSTRIAL ALCOHOL,USAGE,BU,"CORN, FOR INDUSTRIAL ALCOHOL - USAGE, MEASURED IN BU",NOT SPECIFIED,ALL CLASSES,5576000
2016-03-01 15:06:01.000,SURVEY,2015,MONTHLY,DEC,12,,NATIONAL,TOTAL,US,,CORN,FOR INDUSTRIAL ALCOHOL,USAGE,BU,"CORN, FOR INDUSTRIAL ALCOHOL - USAGE, MEASURED IN BU",NOT SPECIFIED,ALL CLASSES,6479000
2017-03-01 15:30:17.000,SURVEY,2016,MONTHLY,JAN,1,,NATIONAL,TOTAL,US,,CORN,FOR BEVERAGE ALCOHOL,USAGE,BU,"CORN, FOR BEVERAGE ALCOHOL - USAGE, MEASURED IN BU",NOT SPECIFIED,ALL CLASSES,3141000
2017-03-01 15:30:17.000,SURVEY,2016,MONTHLY,FEB,2,,NATIONAL,TOTAL,US,,CORN,FOR BEVERAGE ALCOHOL,USAGE,BU,"CORN, FOR BEVERAGE ALCOHOL - USAGE, MEASURED IN BU",NOT SPECIFIED,ALL CLASSES,2462000
2017-03-01 15:30:17.000,SURVEY,2016,MONTHLY,MAR,3,,NATIONAL,TOTAL,US,,CORN,FOR BEVERAGE ALCOHOL,USAGE,BU,"CORN, FOR BEVERAGE ALCOHOL - USAGE, MEASURED IN BU",NOT SPECIFIED,ALL CLASSES,2712000
2017-03-01 15:30:17.000,SURVEY,2016,MONTHLY,APR,4,,NATIONAL,TOTAL,US,,CORN,FOR BEVERAGE ALCOHOL,USAGE,BU,"CORN, FOR BEVERAGE ALCOHOL - USAGE, MEASURED IN BU",NOT SPECIFIED,ALL CLASSES,2689000
2017-03-01 15:30:17.000,SURVEY,2016,MONTHLY,MAY,5,,NATIONAL,TOTAL,US,,CORN,FOR BEVERAGE ALCOHOL,USAGE,BU,"CORN, FOR BEVERAGE ALCOHOL - USAGE, MEASURED IN BU",NOT SPECIFIED,ALL CLASSES,2846000
2017-03-01 15:30:17.000,SURVEY,2016,MONTHLY,JUN,6,,NATIONAL,TOTAL,US,,CORN,FOR BEVERAGE ALCOHOL,USAGE,BU,"CORN, FOR BEVERAGE ALCOHOL - USAGE, MEASURED IN BU",NOT SPECIFIED,ALL CLASSES,2600000
2017-03-01 15:30:17.000,SURVEY,2016,MONTHLY,JUL,7,,NATIONAL,TOTAL,US,,CORN,FOR BEVERAGE ALCOHOL,USAGE,BU,"CORN, FOR BEVERAGE ALCOHOL - USAGE, MEASURED IN BU",NOT SPECIFIED,ALL CLASSES,2609000
2017-03-01 15:30:17.000,SURVEY,2016,MONTHLY,AUG,8,,NATIONAL,TOTAL,US,,CORN,FOR BEVERAGE ALCOHOL,USAGE,BU,"CORN, FOR BEVERAGE ALCOHOL - USAGE, MEASURED IN BU",NOT SPECIFIED,ALL CLASSES,3132000
2017-03-01 15:30:17.000,SURVEY,2016,MONTHLY,SEP,9,,NATIONAL,TOTAL,US,,CORN,FOR BEVERAGE ALCOHOL,USAGE,BU,"CORN, FOR BEVERAGE ALCOHOL - USAGE, MEASURED IN BU",NOT SPECIFIED,ALL CLASSES,2793000
2017-03-01 15:30:17.000,SURVEY,2016,MONTHLY,OCT,10,,NATIONAL,TOTAL,US,,CORN,FOR BEVERAGE ALCOHOL,USAGE,BU,"CORN, FOR BEVERAGE ALCOHOL - USAGE, MEASURED IN BU",NOT SPECIFIED,ALL CLASSES,3184000
2017-03-01 15:30:17.000,SURVEY,2016,MONTHLY,NOV,11,,NATIONAL,TOTAL,US,,CORN,FOR BEVERAGE ALCOHOL,USAGE,BU,"CORN, FOR BEVERAGE ALCOHOL - USAGE, MEASURED IN BU",NOT SPECIFIED,ALL CLASSES,3361000
2017-03-01 15:30:17.000,SURVEY,2016,MONTHLY,DEC,12,,NATIONAL,TOTAL,US,,CORN,FOR BEVERAGE ALCOHOL,USAGE,BU,"CORN, FOR BEVERAGE ALCOHOL - USAGE, MEASURED IN BU",NOT SPECIFIED,ALL CLASSES,2595000
2017-03-01 15:30:17.000,SURVEY,2016,MONTHLY,JAN,1,,NATIONAL,TOTAL,US,,CORN,FOR FUEL ALCOHOL,USAGE,BU,"CORN, FOR FUEL ALCOHOL - USAGE, MEASURED IN BU",NOT SPECIFIED,ALL CLASSES,444036000
2017-03-01 15:30:17.000,SURVEY,2016,MONTHLY,FEB,2,,NATIONAL,TOTAL,US,,CORN,FOR FUEL ALCOHOL,USAGE,BU,"CORN, FOR FUEL ALCOHOL - USAGE, MEASURED IN BU",NOT SPECIFIED,ALL CLASSES,420937000
2017-03-01 15:30:17.000,SURVEY,2016,MONTHLY,MAR,3,,NATIONAL,TOTAL,US,,CORN,FOR FUEL ALCOHOL,USAGE,BU,"CORN, FOR FUEL ALCOHOL - USAGE, MEASURED IN BU",NOT SPECIFIED,ALL CLASSES,438381000
2017-03-01 15:30:17.000,SURVEY,2016,MONTHLY,APR,4,,NATIONAL,TOTAL,US,,CORN,FOR FUEL ALCOHOL,USAGE,BU,"CORN, FOR FUEL ALCOHOL - USAGE, MEASURED IN BU",NOT SPECIFIED,ALL CLASSES,400731000
2017-03-01 15:30:17.000,SURVEY,2016,MONTHLY,MAY,5,,NATIONAL,TOTAL,US,,CORN,FOR FUEL ALCOHOL,USAGE,BU,"CORN, FOR FUEL ALCOHOL - USAGE, MEASURED IN BU",NOT SPECIFIED,ALL CLASSES,425684000
2017-03-01 15:30:17.000,SURVEY,2016,MONTHLY,JUN,6,,NATIONAL,TOTAL,US,,CORN,FOR FUEL ALCOHOL,USAGE,BU,"CORN, FOR FUEL ALCOHOL - USAGE, MEASURED IN BU",NOT SPECIFIED,ALL CLASSES,427558000
2017-03-01 15:30:17.000,SURVEY,2016,MONTHLY,JUL,7,,NATIONAL,TOTAL,US,,CORN,FOR FUEL ALCOHOL,USAGE,BU,"CORN, FOR FUEL ALCOHOL - USAGE, MEASURED IN BU",NOT SPECIFIED,ALL CLASSES,456422000
2017-03-01 15:30:17.000,SURVEY,2016,MONTHLY,AUG,8,,NATIONAL,TOTAL,US,,CORN,FOR FUEL ALCOHOL,USAGE,BU,"CORN, FOR FUEL ALCOHOL - USAGE, MEASURED IN BU",NOT SPECIFIED,ALL CLASSES,458357000
2017-03-01 15:30:17.000,SURVEY,2016,MONTHLY,SEP,9,,NATIONAL,TOTAL,US,,CORN,FOR FUEL ALCOHOL,USAGE,BU,"CORN, FOR FUEL ALCOHOL - USAGE, MEASURED IN BU",NOT SPECIFIED,ALL CLASSES,435220000
2017-03-01 15:30:17.000,SURVEY,2016,MONTHLY,OCT,10,,NATIONAL,TOTAL,US,,CORN,FOR FUEL ALCOHOL,USAGE,BU,"CORN, FOR FUEL ALCOHOL - USAGE, MEASURED IN BU",NOT SPECIFIED,ALL CLASSES,455819000
2017-03-01 15:30:17.000,SURVEY,2016,MONTHLY,NOV,11,,NATIONAL,TOTAL,US,,CORN,FOR FUEL ALCOHOL,USAGE,BU,"CORN, FOR FUEL ALCOHOL - USAGE, MEASURED IN BU",NOT SPECIFIED,ALL CLASSES,452039000
2017-03-01 15:30:17.000,SURVEY,2016,MONTHLY,DEC,12,,NATIONAL,TOTAL,US,,CORN,FOR FUEL ALCOHOL,USAGE,BU,"CORN, FOR FUEL ALCOHOL - USAGE, MEASURED IN BU",NOT SPECIFIED,ALL CLASSES,473997000
2017-03-01 15:30:17.000,SURVEY,2016,MONTHLY,JAN,1,,NATIONAL,TOTAL,US,,CORN,FOR INDUSTRIAL ALCOHOL,USAGE,BU,"CORN, FOR INDUSTRIAL ALCOHOL - USAGE, MEASURED IN BU",NOT SPECIFIED,ALL CLASSES,5505000
2017-03-01 15:30:17.000,SURVEY,2016,MONTHLY,FEB,2,,NATIONAL,TOTAL,US,,CORN,FOR INDUSTRIAL ALCOHOL,USAGE,BU,"CORN, FOR INDUSTRIAL ALCOHOL - USAGE, MEASURED IN BU",NOT SPECIFIED,ALL CLASSES,6301000
2017-03-01 15:30:17.000,SURVEY,2016,MONTHLY,MAR,3,,NATIONAL,TOTAL,US,,CORN,FOR INDUSTRIAL ALCOHOL,USAGE,BU,"CORN, FOR INDUSTRIAL ALCOHOL - USAGE, MEASURED IN BU",NOT SPECIFIED,ALL CLASSES,6126000
2017-03-01 15:30:17.000,SURVEY,2016,MONTHLY,APR,4,,NATIONAL,TOTAL,US,,CORN,FOR INDUSTRIAL ALCOHOL,USAGE,BU,"CORN, FOR INDUSTRIAL ALCOHOL - USAGE, MEASURED IN BU",NOT SPECIFIED,ALL CLASSES,6173000
2017-03-01 15:30:17.000,SURVEY,2016,MONTHLY,MAY,5,,NATIONAL,TOTAL,US,,CORN,FOR INDUSTRIAL ALCOHOL,USAGE,BU,"CORN, FOR INDUSTRIAL ALCOHOL - USAGE, MEASURED IN BU",NOT SPECIFIED,ALL CLASSES,5923000
2017-03-01 15:30:17.000,SURVEY,2016,MONTHLY,JUN,6,,NATIONAL,TOTAL,US,,CORN,FOR INDUSTRIAL ALCOHOL,USAGE,BU,"CORN, FOR INDUSTRIAL ALCOHOL - USAGE, MEASURED IN BU",NOT SPECIFIED,ALL CLASSES,4913000
2017-03-01 15:30:17.000,SURVEY,2016,MONTHLY,JUL,7,,NATIONAL,TOTAL,US,,CORN,FOR INDUSTRIAL ALCOHOL,USAGE,BU,"CORN, FOR INDUSTRIAL ALCOHOL - USAGE, MEASURED IN BU",NOT SPECIFIED,ALL CLASSES,5772000
2017-03-01 15:30:17.000,SURVEY,2016,MONTHLY,AUG,8,,NATIONAL,TOTAL,US,,CORN,FOR INDUSTRIAL ALCOHOL,USAGE,BU,"CORN, FOR INDUSTRIAL ALCOHOL - USAGE, MEASURED IN BU",NOT SPECIFIED,ALL CLASSES,5810000
2017-03-01 15:30:17.000,SURVEY,2016,MONTHLY,SEP,9,,NATIONAL,TOTAL,US,,CORN,FOR INDUSTRIAL ALCOHOL,USAGE,BU,"CORN, FOR INDUSTRIAL ALCOHOL - USAGE, MEASURED IN BU",NOT SPECIFIED,ALL CLASSES,6135000
2017-03-01 15:30:17.000,SURVEY,2016,MONTHLY,OCT,10,,NATIONAL,TOTAL,US,,CORN,FOR INDUSTRIAL ALCOHOL,USAGE,BU,"CORN, FOR INDUSTRIAL ALCOHOL - USAGE, MEASURED IN BU",NOT SPECIFIED,ALL CLASSES,6247000
2017-03-01 15:30:17.000,SURVEY,2016,MONTHLY,NOV,11,,NATIONAL,TOTAL,US,,CORN,FOR INDUSTRIAL ALCOHOL,USAGE,BU,"CORN, FOR INDUSTRIAL ALCOHOL - USAGE, MEASURED IN BU",NOT SPECIFIED,ALL CLASSES,6489000
2017-03-01 15:30:17.000,SURVEY,2016,MONTHLY,DEC,12,,NATIONAL,TOTAL,US,,CORN,FOR INDUSTRIAL ALCOHOL,USAGE,BU,"CORN, FOR INDUSTRIAL ALCOHOL - USAGE, MEASURED IN BU",NOT SPECIFIED,ALL CLASSES,6108000
2018-03-01 15:06:28.000,SURVEY,2017,MONTHLY,JAN,1,,NATIONAL,TOTAL,US,,CORN,FOR BEVERAGE ALCOHOL,USAGE,BU,"CORN, FOR BEVERAGE ALCOHOL - USAGE, MEASURED IN BU",NOT SPECIFIED,ALL CLASSES,2424000
2018-03-01 15:06:28.000,SURVEY,2017,MONTHLY,FEB,2,,NATIONAL,TOTAL,US,,CORN,FOR BEVERAGE ALCOHOL,USAGE,BU,"CORN, FOR BEVERAGE ALCOHOL - USAGE, MEASURED IN BU",NOT SPECIFIED,ALL CLASSES,3080000
2018-03-01 15:06:28.000,SURVEY,2017,MONTHLY,MAR,3,,NATIONAL,TOTAL,US,,CORN,FOR BEVERAGE ALCOHOL,USAGE,BU,"CORN, FOR BEVERAGE ALCOHOL - USAGE, MEASURED IN BU",NOT SPECIFIED,ALL CLASSES,2662000
2018-03-01 15:06:28.000,SURVEY,2017,MONTHLY,APR,4,,NATIONAL,TOTAL,US,,CORN,FOR BEVERAGE ALCOHOL,USAGE,BU,"CORN, FOR BEVERAGE ALCOHOL - USAGE, MEASURED IN BU",NOT SPECIFIED,ALL CLASSES,2987000
2018-03-01 15:06:28.000,SURVEY,2017,MONTHLY,MAY,5,,NATIONAL,TOTAL,US,,CORN,FOR BEVERAGE ALCOHOL,USAGE,BU,"CORN, FOR BEVERAGE ALCOHOL - USAGE, MEASURED IN BU",NOT SPECIFIED,ALL CLASSES,3077000
2018-03-01 15:06:28.000,SURVEY,2017,MONTHLY,JUN,6,,NATIONAL,TOTAL,US,,CORN,FOR BEVERAGE ALCOHOL,USAGE,BU,"CORN, FOR BEVERAGE ALCOHOL - USAGE, MEASURED IN BU",NOT SPECIFIED,ALL CLASSES,2769000
2018-03-01 15:06:28.000,SURVEY,2017,MONTHLY,JUL,7,,NATIONAL,TOTAL,US,,CORN,FOR BEVERAGE ALCOHOL,USAGE,BU,"CORN, FOR BEVERAGE ALCOHOL - USAGE, MEASURED IN BU",NOT SPECIFIED,ALL CLASSES,3073000
2018-03-01 15:06:28.000,SURVEY,2017,MONTHLY,AUG,8,,NATIONAL,TOTAL,US,,CORN,FOR BEVERAGE ALCOHOL,USAGE,BU,"CORN, FOR BEVERAGE ALCOHOL - USAGE, MEASURED IN BU",NOT SPECIFIED,ALL CLASSES,3550000
2018-03-01 15:06:28.000,SURVEY,2017,MONTHLY,SEP,9,,NATIONAL,TOTAL,US,,CORN,FOR BEVERAGE ALCOHOL,USAGE,BU,"CORN, FOR BEVERAGE ALCOHOL - USAGE, MEASURED IN BU",NOT SPECIFIED,ALL CLASSES,3543000
2018-03-01 15:06:28.000,SURVEY,2017,MONTHLY,OCT,10,,NATIONAL,TOTAL,US,,CORN,FOR BEVERAGE ALCOHOL,USAGE,BU,"CORN, FOR BEVERAGE ALCOHOL - USAGE, MEASURED IN BU",NOT SPECIFIED,ALL CLASSES,2974000
2018-03-01 15:06:28.000,SURVEY,2017,MONTHLY,NOV,11,,NATIONAL,TOTAL,US,,CORN,FOR BEVERAGE ALCOHOL,USAGE,BU,"CORN, FOR BEVERAGE ALCOHOL - USAGE, MEASURED IN BU",NOT SPECIFIED,ALL CLASSES,3447000
2018-03-01 15:06:28.000,SURVEY,2017,MONTHLY,DEC,12,,NATIONAL,TOTAL,US,,CORN,FOR BEVERAGE ALCOHOL,USAGE,BU,"CORN, FOR BEVERAGE ALCOHOL - USAGE, MEASURED IN BU",NOT SPECIFIED,ALL CLASSES,2249000
2018-03-01 15:06:28.000,SURVEY,2017,MONTHLY,JAN,1,,NATIONAL,TOTAL,US,,CORN,FOR FUEL ALCOHOL,USAGE,BU,"CORN, FOR FUEL ALCOHOL - USAGE, MEASURED IN BU",NOT SPECIFIED,ALL CLASSES,473641000
2018-03-01 15:06:28.000,SURVEY,2017,MONTHLY,FEB,2,,NATIONAL,TOTAL,US,,CORN,FOR FUEL ALCOHOL,USAGE,BU,"CORN, FOR FUEL ALCOHOL - USAGE, MEASURED IN BU",NOT SPECIFIED,ALL CLASSES,423574000
2018-03-01 15:06:28.000,SURVEY,2017,MONTHLY,MAR,3,,NATIONAL,TOTAL,US,,CORN,FOR FUEL ALCOHOL,USAGE,BU,"CORN, FOR FUEL ALCOHOL - USAGE, MEASURED IN BU",NOT SPECIFIED,ALL CLASSES,460383000
2018-03-01 15:06:28.000,SURVEY,2017,MONTHLY,APR,4,,NATIONAL,TOTAL,US,,CORN,FOR FUEL ALCOHOL,USAGE,BU,"CORN, FOR FUEL ALCOHOL - USAGE, MEASURED IN BU",NOT SPECIFIED,ALL CLASSES,432752000
2018-03-01 15:06:28.000,SURVEY,2017,MONTHLY,MAY,5,,NATIONAL,TOTAL,US,,CORN,FOR FUEL ALCOHOL,USAGE,BU,"CORN, FOR FUEL ALCOHOL - USAGE, MEASURED IN BU",NOT SPECIFIED,ALL CLASSES,452966000
2018-03-01 15:06:28.000,SURVEY,2017,MONTHLY,JUN,6,,NATIONAL,TOTAL,US,,CORN,FOR FUEL ALCOHOL,USAGE,BU,"CORN, FOR FUEL ALCOHOL - USAGE, MEASURED IN BU",NOT SPECIFIED,ALL CLASSES,436651000
2018-03-01 15:06:28.000,SURVEY,2017,MONTHLY,JUL,7,,NATIONAL,TOTAL,US,,CORN,FOR FUEL ALCOHOL,USAGE,BU,"CORN, FOR FUEL ALCOHOL - USAGE, MEASURED IN BU",NOT SPECIFIED,ALL CLASSES,454757000
2018-03-01 15:06:28.000,SURVEY,2017,MONTHLY,AUG,8,,NATIONAL,TOTAL,US,,CORN,FOR FUEL ALCOHOL,USAGE,BU,"CORN, FOR FUEL ALCOHOL - USAGE, MEASURED IN BU",NOT SPECIFIED,ALL CLASSES,480154000
2018-03-01 15:06:28.000,SURVEY,2017,MONTHLY,SEP,9,,NATIONAL,TOTAL,US,,CORN,FOR FUEL ALCOHOL,USAGE,BU,"CORN, FOR FUEL ALCOHOL - USAGE, MEASURED IN BU",NOT SPECIFIED,ALL CLASSES,445534000
2018-03-01 15:06:28.000,SURVEY,2017,MONTHLY,OCT,10,,NATIONAL,TOTAL,US,,CORN,FOR FUEL ALCOHOL,USAGE,BU,"CORN, FOR FUEL ALCOHOL - USAGE, MEASURED IN BU",NOT SPECIFIED,ALL CLASSES,470091000
2018-03-01 15:06:28.000,SURVEY,2017,MONTHLY,NOV,11,,NATIONAL,TOTAL,US,,CORN,FOR FUEL ALCOHOL,USAGE,BU,"CORN, FOR FUEL ALCOHOL - USAGE, MEASURED IN BU",NOT SPECIFIED,ALL CLASSES,475665000
2018-03-01 15:06:28.000,SURVEY,2017,MONTHLY,DEC,12,,NATIONAL,TOTAL,US,,CORN,FOR FUEL ALCOHOL,USAGE,BU,"CORN, FOR FUEL ALCOHOL - USAGE, MEASURED IN BU",NOT SPECIFIED,ALL CLASSES,487713000
2018-03-01 15:06:28.000,SURVEY,2017,MONTHLY,JAN,1,,NATIONAL,TOTAL,US,,CORN,FOR INDUSTRIAL ALCOHOL,USAGE,BU,"CORN, FOR INDUSTRIAL ALCOHOL - USAGE, MEASURED IN BU",NOT SPECIFIED,ALL CLASSES,7615000
2018-03-01 15:06:28.000,SURVEY,2017,MONTHLY,FEB,2,,NATIONAL,TOTAL,US,,CORN,FOR INDUSTRIAL ALCOHOL,USAGE,BU,"CORN, FOR INDUSTRIAL ALCOHOL - USAGE, MEASURED IN BU",NOT SPECIFIED,ALL CLASSES,7045000
2018-03-01 15:06:28.000,SURVEY,2017,MONTHLY,MAR,3,,NATIONAL,TOTAL,US,,CORN,FOR INDUSTRIAL ALCOHOL,USAGE,BU,"CORN, FOR INDUSTRIAL ALCOHOL - USAGE, MEASURED IN BU",NOT SPECIFIED,ALL CLASSES,6931000
2018-03-01 15:06:28.000,SURVEY,2017,MONTHLY,APR,4,,NATIONAL,TOTAL,US,,CORN,FOR INDUSTRIAL ALCOHOL,USAGE,BU,"CORN, FOR INDUSTRIAL ALCOHOL - USAGE, MEASURED IN BU",NOT SPECIFIED,ALL CLASSES,7218000
2018-03-01 15:06:28.000,SURVEY,2017,MONTHLY,MAY,5,,NATIONAL,TOTAL,US,,CORN,FOR INDUSTRIAL ALCOHOL,USAGE,BU,"CORN, FOR INDUSTRIAL ALCOHOL - USAGE, MEASURED IN BU",NOT SPECIFIED,ALL CLASSES,6463000
2018-03-01 15:06:28.000,SURVEY,2017,MONTHLY,JUN,6,,NATIONAL,TOTAL,US,,CORN,FOR INDUSTRIAL ALCOHOL,USAGE,BU,"CORN, FOR INDUSTRIAL ALCOHOL - USAGE, MEASURED IN BU",NOT SPECIFIED,ALL CLASSES,6449000
2018-03-01 15:06:28.000,SURVEY,2017,MONTHLY,JUL,7,,NATIONAL,TOTAL,US,,CORN,FOR INDUSTRIAL ALCOHOL,USAGE,BU,"CORN, FOR INDUSTRIAL ALCOHOL - USAGE, MEASURED IN BU",NOT SPECIFIED,ALL CLASSES,6183000
2018-03-01 15:06:28.000,SURVEY,2017,MONTHLY,AUG,8,,NATIONAL,TOTAL,US,,CORN,FOR INDUSTRIAL ALCOHOL,USAGE,BU,"CORN, FOR INDUSTRIAL ALCOHOL - USAGE, MEASURED IN BU",NOT SPECIFIED,ALL CLASSES,5894000
2018-03-01 15:06:28.000,SURVEY,2017,MONTHLY,SEP,9,,NATIONAL,TOTAL,US,,CORN,FOR INDUSTRIAL ALCOHOL,USAGE,BU,"CORN, FOR INDUSTRIAL ALCOHOL - USAGE, MEASURED IN BU",NOT SPECIFIED,ALL CLASSES,5557000
2018-03-01 15:06:28.000,SURVEY,2017,MONTHLY,OCT,10,,NATIONAL,TOTAL,US,,CORN,FOR INDUSTRIAL ALCOHOL,USAGE,BU,"CORN, FOR INDUSTRIAL ALCOHOL - USAGE, MEASURED IN BU",NOT SPECIFIED,ALL CLASSES,5368000
2018-03-01 15:06:28.000,SURVEY,2017,MONTHLY,NOV,11,,NATIONAL,TOTAL,US,,CORN,FOR INDUSTRIAL ALCOHOL,USAGE,BU,"CORN, FOR INDUSTRIAL ALCOHOL - USAGE, MEASURED IN BU",NOT SPECIFIED,ALL CLASSES,5652000
2018-03-01 15:06:28.000,SURVEY,2017,MONTHLY,DEC,12,,NATIONAL,TOTAL,US,,CORN,FOR INDUSTRIAL ALCOHOL,USAGE,BU,"CORN, FOR INDUSTRIAL ALCOHOL - USAGE, MEASURED IN BU",NOT SPECIFIED,ALL CLASSES,6844000
2019-03-15 15:06:35.000,SURVEY,2018,MONTHLY,JAN,1,,NATIONAL,TOTAL,US,,CORN,FOR BEVERAGE ALCOHOL,USAGE,BU,"CORN, FOR BEVERAGE ALCOHOL - USAGE, MEASURED IN BU",NOT SPECIFIED,ALL CLASSES,2933000
2019-03-15 15:06:35.000,SURVEY,2018,MONTHLY,FEB,2,,NATIONAL,TOTAL,US,,CORN,FOR BEVERAGE ALCOHOL,USAGE,BU,"CORN, FOR BEVERAGE ALCOHOL - USAGE, MEASURED IN BU",NOT SPECIFIED,ALL CLASSES,2364000
2019-03-15 15:06:35.000,SURVEY,2018,MONTHLY,MAR,3,,NATIONAL,TOTAL,US,,CORN,FOR BEVERAGE ALCOHOL,USAGE,BU,"CORN, FOR BEVERAGE ALCOHOL - USAGE, MEASURED IN BU",NOT SPECIFIED,ALL CLASSES,2717000
2019-03-15 15:06:35.000,SURVEY,2018,MONTHLY,APR,4,,NATIONAL,TOTAL,US,,CORN,FOR BEVERAGE ALCOHOL,USAGE,BU,"CORN, FOR BEVERAGE ALCOHOL - USAGE, MEASURED IN BU",NOT SPECIFIED,ALL CLASSES,3096000
2019-03-15 15:06:35.000,SURVEY,2018,MONTHLY,MAY,5,,NATIONAL,TOTAL,US,,CORN,FOR BEVERAGE ALCOHOL,USAGE,BU,"CORN, FOR BEVERAGE ALCOHOL - USAGE, MEASURED IN BU",NOT SPECIFIED,ALL CLASSES,2924000
2019-03-15 15:06:35.000,SURVEY,2018,MONTHLY,JUN,6,,NATIONAL,TOTAL,US,,CORN,FOR BEVERAGE ALCOHOL,USAGE,BU,"CORN, FOR BEVERAGE ALCOHOL - USAGE, MEASURED IN BU",NOT SPECIFIED,ALL CLASSES,3123000
2019-03-15 15:06:35.000,SURVEY,2018,MONTHLY,JUL,7,,NATIONAL,TOTAL,US,,CORN,FOR BEVERAGE ALCOHOL,USAGE,BU,"CORN, FOR BEVERAGE ALCOHOL - USAGE, MEASURED IN BU",NOT SPECIFIED,ALL CLASSES,3293000
2019-03-15 15:06:35.000,SURVEY,2018,MONTHLY,AUG,8,,NATIONAL,TOTAL,US,,CORN,FOR BEVERAGE ALCOHOL,USAGE,BU,"CORN, FOR BEVERAGE ALCOHOL - USAGE, MEASURED IN BU",NOT SPECIFIED,ALL CLASSES,3559000
2019-03-15 15:06:35.000,SURVEY,2018,MONTHLY,SEP,9,,NATIONAL,TOTAL,US,,CORN,FOR BEVERAGE ALCOHOL,USAGE,BU,"CORN, FOR BEVERAGE ALCOHOL - USAGE, MEASURED IN BU",NOT SPECIFIED,ALL CLASSES,2808000
2019-03-15 15:06:35.000,SURVEY,2018,MONTHLY,OCT,10,,NATIONAL,TOTAL,US,,CORN,FOR BEVERAGE ALCOHOL,USAGE,BU,"CORN, FOR BEVERAGE ALCOHOL - USAGE, MEASURED IN BU",NOT SPECIFIED,ALL CLASSES,3291000
2019-03-15 15:06:35.000,SURVEY,2018,MONTHLY,NOV,11,,NATIONAL,TOTAL,US,,CORN,FOR BEVERAGE ALCOHOL,USAGE,BU,"CORN, FOR BEVERAGE ALCOHOL - USAGE, MEASURED IN BU",NOT SPECIFIED,ALL CLASSES,2941000
2019-03-01 15:06:34.000,SURVEY,2018,MONTHLY,DEC,12,,NATIONAL,TOTAL,US,,CORN,FOR BEVERAGE ALCOHOL,USAGE,BU,"CORN, FOR BEVERAGE ALCOHOL - USAGE, MEASURED IN BU",NOT SPECIFIED,ALL CLASSES,2547000
2019-03-15 15:06:35.000,SURVEY,2018,MONTHLY,JAN,1,,NATIONAL,TOTAL,US,,CORN,FOR FUEL ALCOHOL,USAGE,BU,"CORN, FOR FUEL ALCOHOL - USAGE, MEASURED IN BU",NOT SPECIFIED,ALL CLASSES,476129000
2019-03-15 15:06:35.000,SURVEY,2018,MONTHLY,FEB,2,,NATIONAL,TOTAL,US,,CORN,FOR FUEL ALCOHOL,USAGE,BU,"CORN, FOR FUEL ALCOHOL - USAGE, MEASURED IN BU",NOT SPECIFIED,ALL CLASSES,433622000
2019-03-15 15:06:35.000,SURVEY,2018,MONTHLY,MAR,3,,NATIONAL,TOTAL,US,,CORN,FOR FUEL ALCOHOL,USAGE,BU,"CORN, FOR FUEL ALCOHOL - USAGE, MEASURED IN BU",NOT SPECIFIED,ALL CLASSES,472912000
2019-03-15 15:06:35.000,SURVEY,2018,MONTHLY,APR,4,,NATIONAL,TOTAL,US,,CORN,FOR FUEL ALCOHOL,USAGE,BU,"CORN, FOR FUEL ALCOHOL - USAGE, MEASURED IN BU",NOT SPECIFIED,ALL CLASSES,445323000
2019-03-15 15:06:35.000,SURVEY,2018,MONTHLY,MAY,5,,NATIONAL,TOTAL,US,,CORN,FOR FUEL ALCOHOL,USAGE,BU,"CORN, FOR FUEL ALCOHOL - USAGE, MEASURED IN BU",NOT SPECIFIED,ALL CLASSES,470404000
2019-03-15 15:06:35.000,SURVEY,2018,MONTHLY,JUN,6,,NATIONAL,TOTAL,US,,CORN,FOR FUEL ALCOHOL,USAGE,BU,"CORN, FOR FUEL ALCOHOL - USAGE, MEASURED IN BU",NOT SPECIFIED,ALL CLASSES,462740000
2019-03-15 15:06:35.000,SURVEY,2018,MONTHLY,JUL,7,,NATIONAL,TOTAL,US,,CORN,FOR FUEL ALCOHOL,USAGE,BU,"CORN, FOR FUEL ALCOHOL - USAGE, MEASURED IN BU",NOT SPECIFIED,ALL CLASSES,481320000
2019-03-15 15:06:35.000,SURVEY,2018,MONTHLY,AUG,8,,NATIONAL,TOTAL,US,,CORN,FOR FUEL ALCOHOL,USAGE,BU,"CORN, FOR FUEL ALCOHOL - USAGE, MEASURED IN BU",NOT SPECIFIED,ALL CLASSES,483374000
2019-03-15 15:06:35.000,SURVEY,2018,MONTHLY,SEP,9,,NATIONAL,TOTAL,US,,CORN,FOR FUEL ALCOHOL,USAGE,BU,"CORN, FOR FUEL ALCOHOL - USAGE, MEASURED IN BU",NOT SPECIFIED,ALL CLASSES,449288000
2019-03-15 15:06:35.000,SURVEY,2018,MONTHLY,OCT,10,,NATIONAL,TOTAL,US,,CORN,FOR FUEL ALCOHOL,USAGE,BU,"CORN, FOR FUEL ALCOHOL - USAGE, MEASURED IN BU",NOT SPECIFIED,ALL CLASSES,461883000
2019-03-15 15:06:35.000,SURVEY,2018,MONTHLY,NOV,11,,NATIONAL,TOTAL,US,,CORN,FOR FUEL ALCOHOL,USAGE,BU,"CORN, FOR FUEL ALCOHOL - USAGE, MEASURED IN BU",NOT SPECIFIED,ALL CLASSES,454533000
2019-03-01 15:06:34.000,SURVEY,2018,MONTHLY,DEC,12,,NATIONAL,TOTAL,US,,CORN,FOR FUEL ALCOHOL,USAGE,BU,"CORN, FOR FUEL ALCOHOL - USAGE, MEASURED IN BU",NOT SPECIFIED,ALL CLASSES,461644000
2019-03-15 15:06:35.000,SURVEY,2018,MONTHLY,JAN,1,,NATIONAL,TOTAL,US,,CORN,FOR INDUSTRIAL ALCOHOL,USAGE,BU,"CORN, FOR INDUSTRIAL ALCOHOL - USAGE, MEASURED IN BU",NOT SPECIFIED,ALL CLASSES,6114000
2019-03-15 15:06:35.000,SURVEY,2018,MONTHLY,FEB,2,,NATIONAL,TOTAL,US,,CORN,FOR INDUSTRIAL ALCOHOL,USAGE,BU,"CORN, FOR INDUSTRIAL ALCOHOL - USAGE, MEASURED IN BU",NOT SPECIFIED,ALL CLASSES,5829000
2019-03-15 15:06:35.000,SURVEY,2018,MONTHLY,MAR,3,,NATIONAL,TOTAL,US,,CORN,FOR INDUSTRIAL ALCOHOL,USAGE,BU,"CORN, FOR INDUSTRIAL ALCOHOL - USAGE, MEASURED IN BU",NOT SPECIFIED,ALL CLASSES,7093000
2019-03-15 15:06:35.000,SURVEY,2018,MONTHLY,APR,4,,NATIONAL,TOTAL,US,,CORN,FOR INDUSTRIAL ALCOHOL,USAGE,BU,"CORN, FOR INDUSTRIAL ALCOHOL - USAGE, MEASURED IN BU",NOT SPECIFIED,ALL CLASSES,6006000
2019-03-15 15:06:35.000,SURVEY,2018,MONTHLY,MAY,5,,NATIONAL,TOTAL,US,,CORN,FOR INDUSTRIAL ALCOHOL,USAGE,BU,"CORN, FOR INDUSTRIAL ALCOHOL - USAGE, MEASURED IN BU",NOT SPECIFIED,ALL CLASSES,6198000
2019-03-15 15:06:35.000,SURVEY,2018,MONTHLY,JUN,6,,NATIONAL,TOTAL,US,,CORN,FOR INDUSTRIAL ALCOHOL,USAGE,BU,"CORN, FOR INDUSTRIAL ALCOHOL - USAGE, MEASURED IN BU",NOT SPECIFIED,ALL CLASSES,6322000
2019-03-15 15:06:35.000,SURVEY,2018,MONTHLY,JUL,7,,NATIONAL,TOTAL,US,,CORN,FOR INDUSTRIAL ALCOHOL,USAGE,BU,"CORN, FOR INDUSTRIAL ALCOHOL - USAGE, MEASURED IN BU",NOT SPECIFIED,ALL CLASSES,6000000
2019-03-15 15:06:35.000,SURVEY,2018,MONTHLY,AUG,8,,NATIONAL,TOTAL,US,,CORN,FOR INDUSTRIAL ALCOHOL,USAGE,BU,"CORN, FOR INDUSTRIAL ALCOHOL - USAGE, MEASURED IN BU",NOT SPECIFIED,ALL CLASSES,7167000
2019-03-15 15:06:35.000,SURVEY,2018,MONTHLY,SEP,9,,NATIONAL,TOTAL,US,,CORN,FOR INDUSTRIAL ALCOHOL,USAGE,BU,"CORN, FOR INDUSTRIAL ALCOHOL - USAGE, MEASURED IN BU",NOT SPECIFIED,ALL CLASSES,7068000
2019-03-15 15:06:35.000,SURVEY,2018,MONTHLY,OCT,10,,NATIONAL,TOTAL,US,,CORN,FOR INDUSTRIAL ALCOHOL,USAGE,BU,"CORN, FOR INDUSTRIAL ALCOHOL - USAGE, MEASURED IN BU",NOT SPECIFIED,ALL CLASSES,6754000
2019-03-15 15:06:35.000,SURVEY,2018,MONTHLY,NOV,11,,NATIONAL,TOTAL,US,,CORN,FOR INDUSTRIAL ALCOHOL,USAGE,BU,"CORN, FOR INDUSTRIAL ALCOHOL - USAGE, MEASURED IN BU",NOT SPECIFIED,ALL CLASSES,5782000
2019-03-01 15:06:34.000,SURVEY,2018,MONTHLY,DEC,12,,NATIONAL,TOTAL,US,,CORN,FOR INDUSTRIAL ALCOHOL,USAGE,BU,"CORN, FOR INDUSTRIAL ALCOHOL - USAGE, MEASURED IN BU",NOT SPECIFIED,ALL CLASSES,7135000
2020-03-02 15:00:11.000,SURVEY,2019,MONTHLY,JAN,1,,NATIONAL,TOTAL,US,,CORN,FOR BEVERAGE ALCOHOL,USAGE,BU,"CORN, FOR BEVERAGE ALCOHOL - USAGE, MEASURED IN BU",NOT SPECIFIED,ALL CLASSES,2869000
2020-03-02 15:00:11.000,SURVEY,2019,MONTHLY,FEB,2,,NATIONAL,TOTAL,US,,CORN,FOR BEVERAGE ALCOHOL,USAGE,BU,"CORN, FOR BEVERAGE ALCOHOL - USAGE, MEASURED IN BU",NOT SPECIFIED,ALL CLASSES,2740000
2020-03-02 15:00:11.000,SURVEY,2019,MONTHLY,MAR,3,,NATIONAL,TOTAL,US,,CORN,FOR BEVERAGE ALCOHOL,USAGE,BU,"CORN, FOR BEVERAGE ALCOHOL - USAGE, MEASURED IN BU",NOT SPECIFIED,ALL CLASSES,3455000
2020-03-02 15:00:11.000,SURVEY,2019,MONTHLY,APR,4,,NATIONAL,TOTAL,US,,CORN,FOR BEVERAGE ALCOHOL,USAGE,BU,"CORN, FOR BEVERAGE ALCOHOL - USAGE, MEASURED IN BU",NOT SPECIFIED,ALL CLASSES,3692000
2020-03-02 15:00:11.000,SURVEY,2019,MONTHLY,MAY,5,,NATIONAL,TOTAL,US,,CORN,FOR BEVERAGE ALCOHOL,USAGE,BU,"CORN, FOR BEVERAGE ALCOHOL - USAGE, MEASURED IN BU",NOT SPECIFIED,ALL CLASSES,3327000
2020-03-02 15:00:11.000,SURVEY,2019,MONTHLY,JUN,6,,NATIONAL,TOTAL,US,,CORN,FOR BEVERAGE ALCOHOL,USAGE,BU,"CORN, FOR BEVERAGE ALCOHOL - USAGE, MEASURED IN BU",NOT SPECIFIED,ALL CLASSES,3439000
2020-03-02 15:00:11.000,SURVEY,2019,MONTHLY,JUL,7,,NATIONAL,TOTAL,US,,CORN,FOR BEVERAGE ALCOHOL,USAGE,BU,"CORN, FOR BEVERAGE ALCOHOL - USAGE, MEASURED IN BU",NOT SPECIFIED,ALL CLASSES,5111000
2020-03-02 15:00:11.000,SURVEY,2019,MONTHLY,AUG,8,,NATIONAL,TOTAL,US,,CORN,FOR BEVERAGE ALCOHOL,USAGE,BU,"CORN, FOR BEVERAGE ALCOHOL - USAGE, MEASURED IN BU",NOT SPECIFIED,ALL CLASSES,3341000
2020-03-02 15:00:11.000,SURVEY,2019,MONTHLY,SEP,9,,NATIONAL,TOTAL,US,,CORN,FOR BEVERAGE ALCOHOL,USAGE,BU,"CORN, FOR BEVERAGE ALCOHOL - USAGE, MEASURED IN BU",NOT SPECIFIED,ALL CLASSES,3300000
2020-03-02 15:00:11.000,SURVEY,2019,MONTHLY,OCT,10,,NATIONAL,TOTAL,US,,CORN,FOR BEVERAGE ALCOHOL,USAGE,BU,"CORN, FOR BEVERAGE ALCOHOL - USAGE, MEASURED IN BU",NOT SPECIFIED,ALL CLASSES,3195000
2020-03-02 15:00:11.000,SURVEY,2019,MONTHLY,NOV,11,,NATIONAL,TOTAL,US,,CORN,FOR BEVERAGE ALCOHOL,USAGE,BU,"CORN, FOR BEVERAGE ALCOHOL - USAGE, MEASURED IN BU",NOT SPECIFIED,ALL CLASSES,3406000
2020-03-02 15:00:11.000,SURVEY,2019,MONTHLY,DEC,12,,NATIONAL,TOTAL,US,,CORN,FOR BEVERAGE ALCOHOL,USAGE,BU,"CORN, FOR BEVERAGE ALCOHOL - USAGE, MEASURED IN BU",NOT SPECIFIED,ALL CLASSES,3239000
2020-03-02 15:00:11.000,SURVEY,2019,MONTHLY,JAN,1,,NATIONAL,TOTAL,US,,CORN,FOR FUEL ALCOHOL,USAGE,BU,"CORN, FOR FUEL ALCOHOL - USAGE, MEASURED IN BU",NOT SPECIFIED,ALL CLASSES,444016000
2020-03-02 15:00:11.000,SURVEY,2019,MONTHLY,FEB,2,,NATIONAL,TOTAL,US,,CORN,FOR FUEL ALCOHOL,USAGE,BU,"CORN, FOR FUEL ALCOHOL - USAGE, MEASURED IN BU",NOT SPECIFIED,ALL CLASSES,402894000
2020-03-02 15:00:11.000,SURVEY,2019,MONTHLY,MAR,3,,NATIONAL,TOTAL,US,,CORN,FOR FUEL ALCOHOL,USAGE,BU,"CORN, FOR FUEL ALCOHOL - USAGE, MEASURED IN BU",NOT SPECIFIED,ALL CLASSES,441960000
2020-03-02 15:00:11.000,SURVEY,2019,MONTHLY,APR,4,,NATIONAL,TOTAL,US,,CORN,FOR FUEL ALCOHOL,USAGE,BU,"CORN, FOR FUEL ALCOHOL - USAGE, MEASURED IN BU",NOT SPECIFIED,ALL CLASSES,440477000
2020-03-02 15:00:11.000,SURVEY,2019,MONTHLY,MAY,5,,NATIONAL,TOTAL,US,,CORN,FOR FUEL ALCOHOL,USAGE,BU,"CORN, FOR FUEL ALCOHOL - USAGE, MEASURED IN BU",NOT SPECIFIED,ALL CLASSES,459485000
2020-03-02 15:00:11.000,SURVEY,2019,MONTHLY,JUN,6,,NATIONAL,TOTAL,US,,CORN,FOR FUEL ALCOHOL,USAGE,BU,"CORN, FOR FUEL ALCOHOL - USAGE, MEASURED IN BU",NOT SPECIFIED,ALL CLASSES,456431000
2020-03-02 15:00:11.000,SURVEY,2019,MONTHLY,JUL,7,,NATIONAL,TOTAL,US,,CORN,FOR FUEL ALCOHOL,USAGE,BU,"CORN, FOR FUEL ALCOHOL - USAGE, MEASURED IN BU",NOT SPECIFIED,ALL CLASSES,450782000
2020-03-02 15:00:11.000,SURVEY,2019,MONTHLY,AUG,8,,NATIONAL,TOTAL,US,,CORN,FOR FUEL ALCOHOL,USAGE,BU,"CORN, FOR FUEL ALCOHOL - USAGE, MEASURED IN BU",NOT SPECIFIED,ALL CLASSES,454633000
2020-03-02 15:00:11.000,SURVEY,2019,MONTHLY,SEP,9,,NATIONAL,TOTAL,US,,CORN,FOR FUEL ALCOHOL,USAGE,BU,"CORN, FOR FUEL ALCOHOL - USAGE, MEASURED IN BU",NOT SPECIFIED,ALL CLASSES,405685000
2020-03-02 15:00:11.000,SURVEY,2019,MONTHLY,OCT,10,,NATIONAL,TOTAL,US,,CORN,FOR FUEL ALCOHOL,USAGE,BU,"CORN, FOR FUEL ALCOHOL - USAGE, MEASURED IN BU",NOT SPECIFIED,ALL CLASSES,439116000
2020-03-02 15:00:11.000,SURVEY,2019,MONTHLY,NOV,11,,NATIONAL,TOTAL,US,,CORN,FOR FUEL ALCOHOL,USAGE,BU,"CORN, FOR FUEL ALCOHOL - USAGE, MEASURED IN BU",NOT SPECIFIED,ALL CLASSES,456660000
2020-03-02 15:00:11.000,SURVEY,2019,MONTHLY,DEC,12,,NATIONAL,TOTAL,US,,CORN,FOR FUEL ALCOHOL,USAGE,BU,"CORN, FOR FUEL ALCOHOL - USAGE, MEASURED IN BU",NOT SPECIFIED,ALL CLASSES,479214000
2020-03-02 15:00:11.000,SURVEY,2019,MONTHLY,JAN,1,,NATIONAL,TOTAL,US,,CORN,FOR INDUSTRIAL ALCOHOL,USAGE,BU,"CORN, FOR INDUSTRIAL ALCOHOL - USAGE, MEASURED IN BU",NOT SPECIFIED,ALL CLASSES,6787000
2020-03-02 15:00:11.000,SURVEY,2019,MONTHLY,FEB,2,,NATIONAL,TOTAL,US,,CORN,FOR INDUSTRIAL ALCOHOL,USAGE,BU,"CORN, FOR INDUSTRIAL ALCOHOL - USAGE, MEASURED IN BU",NOT SPECIFIED,ALL CLASSES,6157000
2020-03-02 15:00:11.000,SURVEY,2019,MONTHLY,MAR,3,,NATIONAL,TOTAL,US,,CORN,FOR INDUSTRIAL ALCOHOL,USAGE,BU,"CORN, FOR INDUSTRIAL ALCOHOL - USAGE, MEASURED IN BU",NOT SPECIFIED,ALL CLASSES,7133000
2020-03-02 15:00:11.000,SURVEY,2019,MONTHLY,APR,4,,NATIONAL,TOTAL,US,,CORN,FOR INDUSTRIAL ALCOHOL,USAGE,BU,"CORN, FOR INDUSTRIAL ALCOHOL - USAGE, MEASURED IN BU",NOT SPECIFIED,ALL CLASSES,6260000
2020-03-02 15:00:11.000,SURVEY,2019,MONTHLY,MAY,5,,NATIONAL,TOTAL,US,,CORN,FOR INDUSTRIAL ALCOHOL,USAGE,BU,"CORN, FOR INDUSTRIAL ALCOHOL - USAGE, MEASURED IN BU",NOT SPECIFIED,ALL CLASSES,5924000
2020-03-02 15:00:11.000,SURVEY,2019,MONTHLY,JUN,6,,NATIONAL,TOTAL,US,,CORN,FOR INDUSTRIAL ALCOHOL,USAGE,BU,"CORN, FOR INDUSTRIAL ALCOHOL - USAGE, MEASURED IN BU",NOT SPECIFIED,ALL CLASSES,5926000
2020-03-02 15:00:11.000,SURVEY,2019,MONTHLY,JUL,7,,NATIONAL,TOTAL,US,,CORN,FOR INDUSTRIAL ALCOHOL,USAGE,BU,"CORN, FOR INDUSTRIAL ALCOHOL - USAGE, MEASURED IN BU",NOT SPECIFIED,ALL CLASSES,7458000
2020-03-02 15:00:11.000,SURVEY,2019,MONTHLY,AUG,8,,NATIONAL,TOTAL,US,,CORN,FOR INDUSTRIAL ALCOHOL,USAGE,BU,"CORN, FOR INDUSTRIAL ALCOHOL - USAGE, MEASURED IN BU",NOT SPECIFIED,ALL CLASSES,5929000
2020-03-02 15:00:11.000,SURVEY,2019,MONTHLY,SEP,9,,NATIONAL,TOTAL,US,,CORN,FOR INDUSTRIAL ALCOHOL,USAGE,BU,"CORN, FOR INDUSTRIAL ALCOHOL - USAGE, MEASURED IN BU",NOT SPECIFIED,ALL CLASSES,5327000
2020-03-02 15:00:11.000,SURVEY,2019,MONTHLY,OCT,10,,NATIONAL,TOTAL,US,,CORN,FOR INDUSTRIAL ALCOHOL,USAGE,BU,"CORN, FOR INDUSTRIAL ALCOHOL - USAGE, MEASURED IN BU",NOT SPECIFIED,ALL CLASSES,6324000
2020-03-02 15:00:11.000,SURVEY,2019,MONTHLY,NOV,11,,NATIONAL,TOTAL,US,,CORN,FOR INDUSTRIAL ALCOHOL,USAGE,BU,"CORN, FOR INDUSTRIAL ALCOHOL - USAGE, MEASURED IN BU",NOT SPECIFIED,ALL CLASSES,6198000
2020-03-02 15:00:11.000,SURVEY,2019,MONTHLY,DEC,12,,NATIONAL,TOTAL,US,,CORN,FOR INDUSTRIAL ALCOHOL,USAGE,BU,"CORN, FOR INDUSTRIAL ALCOHOL - USAGE, MEASURED IN BU",NOT SPECIFIED,ALL CLASSES,6804000
2021-03-01 15:00:12.000,SURVEY,2020,MONTHLY,JAN,1,,NATIONAL,TOTAL,US,,CORN,FOR BEVERAGE ALCOHOL,USAGE,BU,"CORN, FOR BEVERAGE ALCOHOL - USAGE, MEASURED IN BU",NOT SPECIFIED,ALL CLASSES,2699000
2021-03-01 15:00:12.000,SURVEY,2020,MONTHLY,FEB,2,,NATIONAL,TOTAL,US,,CORN,FOR BEVERAGE ALCOHOL,USAGE,BU,"CORN, FOR BEVERAGE ALCOHOL - USAGE, MEASURED IN BU",NOT SPECIFIED,ALL CLASSES,2617000
2021-03-01 15:00:12.000,SURVEY,2020,MONTHLY,MAR,3,,NATIONAL,TOTAL,US,,CORN,FOR BEVERAGE ALCOHOL,USAGE,BU,"CORN, FOR BEVERAGE ALCOHOL - USAGE, MEASURED IN BU",NOT SPECIFIED,ALL CLASSES,4045000
2021-03-01 15:00:12.000,SURVEY,2020,MONTHLY,APR,4,,NATIONAL,TOTAL,US,,CORN,FOR BEVERAGE ALCOHOL,USAGE,BU,"CORN, FOR BEVERAGE ALCOHOL - USAGE, MEASURED IN BU",NOT SPECIFIED,ALL CLASSES,4137000
2021-03-01 15:00:12.000,SURVEY,2020,MONTHLY,MAY,5,,NATIONAL,TOTAL,US,,CORN,FOR BEVERAGE ALCOHOL,USAGE,BU,"CORN, FOR BEVERAGE ALCOHOL - USAGE, MEASURED IN BU",NOT SPECIFIED,ALL CLASSES,3992000
2021-03-01 15:00:12.000,SURVEY,2020,MONTHLY,JUN,6,,NATIONAL,TOTAL,US,,CORN,FOR BEVERAGE ALCOHOL,USAGE,BU,"CORN, FOR BEVERAGE ALCOHOL - USAGE, MEASURED IN BU",NOT SPECIFIED,ALL CLASSES,3649000
2021-03-01 15:00:12.000,SURVEY,2020,MONTHLY,JUL,7,,NATIONAL,TOTAL,US,,CORN,FOR BEVERAGE ALCOHOL,USAGE,BU,"CORN, FOR BEVERAGE ALCOHOL - USAGE, MEASURED IN BU",NOT SPECIFIED,ALL CLASSES,3247000
2021-03-01 15:00:12.000,SURVEY,2020,MONTHLY,AUG,8,,NATIONAL,TOTAL,US,,CORN,FOR BEVERAGE ALCOHOL,USAGE,BU,"CORN, FOR BEVERAGE ALCOHOL - USAGE, MEASURED IN BU",NOT SPECIFIED,ALL CLASSES,3201000
2021-03-01 15:00:12.000,SURVEY,2020,MONTHLY,SEP,9,,NATIONAL,TOTAL,US,,CORN,FOR BEVERAGE ALCOHOL,USAGE,BU,"CORN, FOR BEVERAGE ALCOHOL - USAGE, MEASURED IN BU",NOT SPECIFIED,ALL CLASSES,3862000
2021-03-01 15:00:12.000,SURVEY,2020,MONTHLY,OCT,10,,NATIONAL,TOTAL,US,,CORN,FOR BEVERAGE ALCOHOL,USAGE,BU,"CORN, FOR BEVERAGE ALCOHOL - USAGE, MEASURED IN BU",NOT SPECIFIED,ALL CLASSES,3301000
2021-03-01 15:00:12.000,SURVEY,2020,MONTHLY,NOV,11,,NATIONAL,TOTAL,US,,CORN,FOR BEVERAGE ALCOHOL,USAGE,BU,"CORN, FOR BEVERAGE ALCOHOL - USAGE, MEASURED IN BU",NOT SPECIFIED,ALL CLASSES,3952000
2021-03-01 15:00:12.000,SURVEY,2020,MONTHLY,DEC,12,,NATIONAL,TOTAL,US,,CORN,FOR BEVERAGE ALCOHOL,USAGE,BU,"CORN, FOR BEVERAGE ALCOHOL - USAGE, MEASURED IN BU",NOT SPECIFIED,ALL CLASSES,3716000
2021-03-01 15:00:12.000,SURVEY,2020,MONTHLY,JAN,1,,NATIONAL,TOTAL,US,,CORN,FOR FUEL ALCOHOL,USAGE,BU,"CORN, FOR FUEL ALCOHOL - USAGE, MEASURED IN BU",NOT SPECIFIED,ALL CLASSES,469463000
2021-03-01 15:00:12.000,SURVEY,2020,MONTHLY,FEB,2,,NATIONAL,TOTAL,US,,CORN,FOR FUEL ALCOHOL,USAGE,BU,"CORN, FOR FUEL ALCOHOL - USAGE, MEASURED IN BU",NOT SPECIFIED,ALL CLASSES,433962000
2021-03-01 15:00:12.000,SURVEY,2020,MONTHLY,MAR,3,,NATIONAL,TOTAL,US,,CORN,FOR FUEL ALCOHOL,USAGE,BU,"CORN, FOR FUEL ALCOHOL - USAGE, MEASURED IN BU",NOT SPECIFIED,ALL CLASSES,411812000
2021-03-01 15:00:12.000,SURVEY,2020,MONTHLY,APR,4,,NATIONAL,TOTAL,US,,CORN,FOR FUEL ALCOHOL,USAGE,BU,"CORN, FOR FUEL ALCOHOL - USAGE, MEASURED IN BU",NOT SPECIFIED,ALL CLASSES,244983000
2021-03-01 15:00:12.000,SURVEY,2020,MONTHLY,MAY,5,,NATIONAL,TOTAL,US,,CORN,FOR FUEL ALCOHOL,USAGE,BU,"CORN, FOR FUEL ALCOHOL - USAGE, MEASURED IN BU",NOT SPECIFIED,ALL CLASSES,301174000
2021-03-01 15:00:12.000,SURVEY,2020,MONTHLY,JUN,6,,NATIONAL,TOTAL,US,,CORN,FOR FUEL ALCOHOL,USAGE,BU,"CORN, FOR FUEL ALCOHOL - USAGE, MEASURED IN BU",NOT SPECIFIED,ALL CLASSES,379246000
2021-03-01 15:00:12.000,SURVEY,2020,MONTHLY,JUL,7,,NATIONAL,TOTAL,US,,CORN,FOR FUEL ALCOHOL,USAGE,BU,"CORN, FOR FUEL ALCOHOL - USAGE, MEASURED IN BU",NOT SPECIFIED,ALL CLASSES,424251000
2021-03-01 15:00:12.000,SURVEY,2020,MONTHLY,AUG,8,,NATIONAL,TOTAL,US,,CORN,FOR FUEL ALCOHOL,USAGE,BU,"CORN, FOR FUEL ALCOHOL - USAGE, MEASURED IN BU",NOT SPECIFIED,ALL CLASSES,411109000
2021-03-01 15:00:12.000,SURVEY,2020,MONTHLY,SEP,9,,NATIONAL,TOTAL,US,,CORN,FOR FUEL ALCOHOL,USAGE,BU,"CORN, FOR FUEL ALCOHOL - USAGE, MEASURED IN BU",NOT SPECIFIED,ALL CLASSES,402407000
2021-03-01 15:00:12.000,SURVEY,2020,MONTHLY,OCT,10,,NATIONAL,TOTAL,US,,CORN,FOR FUEL ALCOHOL,USAGE,BU,"CORN, FOR FUEL ALCOHOL - USAGE, MEASURED IN BU",NOT SPECIFIED,ALL CLASSES,434167000
2021-03-01 15:00:12.000,SURVEY,2020,MONTHLY,NOV,11,,NATIONAL,TOTAL,US,,CORN,FOR FUEL ALCOHOL,USAGE,BU,"CORN, FOR FUEL ALCOHOL - USAGE, MEASURED IN BU",NOT SPECIFIED,ALL CLASSES,431661000
2021-03-01 15:00:12.000,SURVEY,2020,MONTHLY,DEC,12,,NATIONAL,TOTAL,US,,CORN,FOR FUEL ALCOHOL,USAGE,BU,"CORN, FOR FUEL ALCOHOL - USAGE, MEASURED IN BU",NOT SPECIFIED,ALL CLASSES,431731000
2021-03-01 15:00:12.000,SURVEY,2020,MONTHLY,JAN,1,,NATIONAL,TOTAL,US,,CORN,FOR INDUSTRIAL ALCOHOL,USAGE,BU,"CORN, FOR INDUSTRIAL ALCOHOL - USAGE, MEASURED IN BU",NOT SPECIFIED,ALL CLASSES,6776000
2021-03-01 15:00:12.000,SURVEY,2020,MONTHLY,FEB,2,,NATIONAL,TOTAL,US,,CORN,FOR INDUSTRIAL ALCOHOL,USAGE,BU,"CORN, FOR INDUSTRIAL ALCOHOL - USAGE, MEASURED IN BU",NOT SPECIFIED,ALL CLASSES,6809000
2021-03-01 15:00:12.000,SURVEY,2020,MONTHLY,MAR,3,,NATIONAL,TOTAL,US,,CORN,FOR INDUSTRIAL ALCOHOL,USAGE,BU,"CORN, FOR INDUSTRIAL ALCOHOL - USAGE, MEASURED IN BU",NOT SPECIFIED,ALL CLASSES,7751000
2021-03-01 15:00:12.000,SURVEY,2020,MONTHLY,APR,4,,NATIONAL,TOTAL,US,,CORN,FOR INDUSTRIAL ALCOHOL,USAGE,BU,"CORN, FOR INDUSTRIAL ALCOHOL - USAGE, MEASURED IN BU",NOT SPECIFIED,ALL CLASSES,11753000
2021-03-01 15:00:12.000,SURVEY,2020,MONTHLY,MAY,5,,NATIONAL,TOTAL,US,,CORN,FOR INDUSTRIAL ALCOHOL,USAGE,BU,"CORN, FOR INDUSTRIAL ALCOHOL - USAGE, MEASURED IN BU",NOT SPECIFIED,ALL CLASSES,12281000
2021-03-01 15:00:12.000,SURVEY,2020,MONTHLY,JUN,6,,NATIONAL,TOTAL,US,,CORN,FOR INDUSTRIAL ALCOHOL,USAGE,BU,"CORN, FOR INDUSTRIAL ALCOHOL - USAGE, MEASURED IN BU",NOT SPECIFIED,ALL CLASSES,9515000
2021-03-01 15:00:12.000,SURVEY,2020,MONTHLY,JUL,7,,NATIONAL,TOTAL,US,,CORN,FOR INDUSTRIAL ALCOHOL,USAGE,BU,"CORN, FOR INDUSTRIAL ALCOHOL - USAGE, MEASURED IN BU",NOT SPECIFIED,ALL CLASSES,9010000
2021-03-01 15:00:12.000,SURVEY,2020,MONTHLY,AUG,8,,NATIONAL,TOTAL,US,,CORN,FOR INDUSTRIAL ALCOHOL,USAGE,BU,"CORN, FOR INDUSTRIAL ALCOHOL - USAGE, MEASURED IN BU",NOT SPECIFIED,ALL CLASSES,8904000
2021-03-01 15:00:12.000,SURVEY,2020,MONTHLY,SEP,9,,NATIONAL,TOTAL,US,,CORN,FOR INDUSTRIAL ALCOHOL,USAGE,BU,"CORN, FOR INDUSTRIAL ALCOHOL - USAGE, MEASURED IN BU",NOT SPECIFIED,ALL CLASSES,6405000
2021-03-01 15:00:12.000,SURVEY,2020,MONTHLY,OCT,10,,NATIONAL,TOTAL,US,,CORN,FOR INDUSTRIAL ALCOHOL,USAGE,BU,"CORN, FOR INDUSTRIAL ALCOHOL - USAGE, MEASURED IN BU",NOT SPECIFIED,ALL CLASSES,7053000
2021-03-01 15:00:12.000,SURVEY,2020,MONTHLY,NOV,11,,NATIONAL,TOTAL,US,,CORN,FOR INDUSTRIAL ALCOHOL,USAGE,BU,"CORN, FOR INDUSTRIAL ALCOHOL - USAGE, MEASURED IN BU",NOT SPECIFIED,ALL CLASSES,5911000
2021-03-01 15:00:12.000,SURVEY,2020,MONTHLY,DEC,12,,NATIONAL,TOTAL,US,,CORN,FOR INDUSTRIAL ALCOHOL,USAGE,BU,"CORN, FOR INDUSTRIAL ALCOHOL - USAGE, MEASURED IN BU",NOT SPECIFIED,ALL CLASSES,6331000
2022-03-01 15:00:12.000,SURVEY,2021,MONTHLY,JAN,1,,NATIONAL,TOTAL,US,,CORN,FOR BEVERAGE ALCOHOL,USAGE,BU,"CORN, FOR BEVERAGE ALCOHOL - USAGE, MEASURED IN BU",NOT SPECIFIED,ALL CLASSES,3291000
2022-03-01 15:00:12.000,SURVEY,2021,MONTHLY,FEB,2,,NATIONAL,TOTAL,US,,CORN,FOR BEVERAGE ALCOHOL,USAGE,BU,"CORN, FOR BEVERAGE ALCOHOL - USAGE, MEASURED IN BU",NOT SPECIFIED,ALL CLASSES,2755000
2022-03-01 15:00:12.000,SURVEY,2021,MONTHLY,MAR,3,,NATIONAL,TOTAL,US,,CORN,FOR BEVERAGE ALCOHOL,USAGE,BU,"CORN, FOR BEVERAGE ALCOHOL - USAGE, MEASURED IN BU",NOT SPECIFIED,ALL CLASSES,3721000
2022-03-01 15:00:12.000,SURVEY,2021,MONTHLY,APR,4,,NATIONAL,TOTAL,US,,CORN,FOR BEVERAGE ALCOHOL,USAGE,BU,"CORN, FOR BEVERAGE ALCOHOL - USAGE, MEASURED IN BU",NOT SPECIFIED,ALL CLASSES,3658000
2022-03-01 15:00:12.000,SURVEY,2021,MONTHLY,MAY,5,,NATIONAL,TOTAL,US,,CORN,FOR BEVERAGE ALCOHOL,USAGE,BU,"CORN, FOR BEVERAGE ALCOHOL - USAGE, MEASURED IN BU",NOT SPECIFIED,ALL CLASSES,3852000
2022-03-01 15:00:12.000,SURVEY,2021,MONTHLY,JUN,6,,NATIONAL,TOTAL,US,,CORN,FOR BEVERAGE ALCOHOL,USAGE,BU,"CORN, FOR BEVERAGE ALCOHOL - USAGE, MEASURED IN BU",NOT SPECIFIED,ALL CLASSES,3708000
2022-03-01 15:00:12.000,SURVEY,2021,MONTHLY,JUL,7,,NATIONAL,TOTAL,US,,CORN,FOR BEVERAGE ALCOHOL,USAGE,BU,"CORN, FOR BEVERAGE ALCOHOL - USAGE, MEASURED IN BU",NOT SPECIFIED,ALL CLASSES,3642000
2022-03-01 15:00:12.000,SURVEY,2021,MONTHLY,AUG,8,,NATIONAL,TOTAL,US,,CORN,FOR BEVERAGE ALCOHOL,USAGE,BU,"CORN, FOR BEVERAGE ALCOHOL - USAGE, MEASURED IN BU",NOT SPECIFIED,ALL CLASSES,2372000
2022-03-01 15:00:12.000,SURVEY,2021,MONTHLY,SEP,9,,NATIONAL,TOTAL,US,,CORN,FOR BEVERAGE ALCOHOL,USAGE,BU,"CORN, FOR BEVERAGE ALCOHOL - USAGE, MEASURED IN BU",NOT SPECIFIED,ALL CLASSES,3413000
2022-03-01 15:00:12.000,SURVEY,2021,MONTHLY,OCT,10,,NATIONAL,TOTAL,US,,CORN,FOR BEVERAGE ALCOHOL,USAGE,BU,"CORN, FOR BEVERAGE ALCOHOL - USAGE, MEASURED IN BU",NOT SPECIFIED,ALL CLASSES,3837000
2022-03-01 15:00:12.000,SURVEY,2021,MONTHLY,NOV,11,,NATIONAL,TOTAL,US,,CORN,FOR BEVERAGE ALCOHOL,USAGE,BU,"CORN, FOR BEVERAGE ALCOHOL - USAGE, MEASURED IN BU",NOT SPECIFIED,ALL CLASSES,4790000
2022-03-01 15:00:12.000,SURVEY,2021,MONTHLY,DEC,12,,NATIONAL,TOTAL,US,,CORN,FOR BEVERAGE ALCOHOL,USAGE,BU,"CORN, FOR BEVERAGE ALCOHOL - USAGE, MEASURED IN BU",NOT SPECIFIED,ALL CLASSES,4740000
2022-10-03 14:00:00.000,SURVEY,2021,MONTHLY,JAN,1,,NATIONAL,TOTAL,US,,CORN,FOR FUEL ALCOHOL,USAGE,BU,"CORN, FOR FUEL ALCOHOL - USAGE, MEASURED IN BU",NOT SPECIFIED,ALL CLASSES,414833000
2022-10-03 14:00:00.000,SURVEY,2021,MONTHLY,FEB,2,,NATIONAL,TOTAL,US,,CORN,FOR FUEL ALCOHOL,USAGE,BU,"CORN, FOR FUEL ALCOHOL - USAGE, MEASURED IN BU",NOT SPECIFIED,ALL CLASSES,330753000
2022-10-03 14:00:00.000,SURVEY,2021,MONTHLY,MAR,3,,NATIONAL,TOTAL,US,,CORN,FOR FUEL ALCOHOL,USAGE,BU,"CORN, FOR FUEL ALCOHOL - USAGE, MEASURED IN BU",NOT SPECIFIED,ALL CLASSES,419076000
2022-03-01 15:00:12.000,SURVEY,2021,MONTHLY,APR,4,,NATIONAL,TOTAL,US,,CORN,FOR FUEL ALCOHOL,USAGE,BU,"CORN, FOR FUEL ALCOHOL - USAGE, MEASURED IN BU",NOT SPECIFIED,ALL CLASSES,407524000
2022-10-03 14:00:00.000,SURVEY,2021,MONTHLY,MAY,5,,NATIONAL,TOTAL,US,,CORN,FOR FUEL ALCOHOL,USAGE,BU,"CORN, FOR FUEL ALCOHOL - USAGE, MEASURED IN BU",NOT SPECIFIED,ALL CLASSES,448864000
2022-10-03 14:00:00.000,SURVEY,2021,MONTHLY,JUN,6,,NATIONAL,TOTAL,US,,CORN,FOR FUEL ALCOHOL,USAGE,BU,"CORN, FOR FUEL ALCOHOL - USAGE, MEASURED IN BU",NOT SPECIFIED,ALL CLASSES,439406000
2022-10-03 14:00:00.000,SURVEY,2021,MONTHLY,JUL,7,,NATIONAL,TOTAL,US,,CORN,FOR FUEL ALCOHOL,USAGE,BU,"CORN, FOR FUEL ALCOHOL - USAGE, MEASURED IN BU",NOT SPECIFIED,ALL CLASSES,450337000
2022-03-01 15:00:12.000,SURVEY,2021,MONTHLY,AUG,8,,NATIONAL,TOTAL,US,,CORN,FOR FUEL ALCOHOL,USAGE,BU,"CORN, FOR FUEL ALCOHOL - USAGE, MEASURED IN BU",NOT SPECIFIED,ALL CLASSES,416836000
2022-03-01 15:00:12.000,SURVEY,2021,MONTHLY,SEP,9,,NATIONAL,TOTAL,US,,CORN,FOR FUEL ALCOHOL,USAGE,BU,"CORN, FOR FUEL ALCOHOL - USAGE, MEASURED IN BU",NOT SPECIFIED,ALL CLASSES,407131000
2022-03-01 15:00:12.000,SURVEY,2021,MONTHLY,OCT,10,,NATIONAL,TOTAL,US,,CORN,FOR FUEL ALCOHOL,USAGE,BU,"CORN, FOR FUEL ALCOHOL - USAGE, MEASURED IN BU",NOT SPECIFIED,ALL CLASSES,467952000
2022-10-03 14:00:00.000,SURVEY,2021,MONTHLY,NOV,11,,NATIONAL,TOTAL,US,,CORN,FOR FUEL ALCOHOL,USAGE,BU,"CORN, FOR FUEL ALCOHOL - USAGE, MEASURED IN BU",NOT SPECIFIED,ALL CLASSES,467051000
2022-10-03 14:00:00.000,SURVEY,2021,MONTHLY,DEC,12,,NATIONAL,TOTAL,US,,CORN,FOR FUEL ALCOHOL,USAGE,BU,"CORN, FOR FUEL ALCOHOL - USAGE, MEASURED IN BU",NOT SPECIFIED,ALL CLASSES,478018000
2022-03-01 15:00:12.000,SURVEY,2021,MONTHLY,JAN,1,,NATIONAL,TOTAL,US,,CORN,FOR INDUSTRIAL ALCOHOL,USAGE,BU,"CORN, FOR INDUSTRIAL ALCOHOL - USAGE, MEASURED IN BU",NOT SPECIFIED,ALL CLASSES,7331000
2022-03-01 15:00:12.000,SURVEY,2021,MONTHLY,FEB,2,,NATIONAL,TOTAL,US,,CORN,FOR INDUSTRIAL ALCOHOL,USAGE,BU,"CORN, FOR INDUSTRIAL ALCOHOL - USAGE, MEASURED IN BU",NOT SPECIFIED,ALL CLASSES,6684000
2022-03-01 15:00:12.000,SURVEY,2021,MONTHLY,MAR,3,,NATIONAL,TOTAL,US,,CORN,FOR INDUSTRIAL ALCOHOL,USAGE,BU,"CORN, FOR INDUSTRIAL ALCOHOL - USAGE, MEASURED IN BU",NOT SPECIFIED,ALL CLASSES,7445000
2022-03-01 15:00:12.000,SURVEY,2021,MONTHLY,APR,4,,NATIONAL,TOTAL,US,,CORN,FOR INDUSTRIAL ALCOHOL,USAGE,BU,"CORN, FOR INDUSTRIAL ALCOHOL - USAGE, MEASURED IN BU",NOT SPECIFIED,ALL CLASSES,6516000
2022-03-01 15:00:12.000,SURVEY,2021,MONTHLY,MAY,5,,NATIONAL,TOTAL,US,,CORN,FOR INDUSTRIAL ALCOHOL,USAGE,BU,"CORN, FOR INDUSTRIAL ALCOHOL - USAGE, MEASURED IN BU",NOT SPECIFIED,ALL CLASSES,7011000
2022-03-01 15:00:12.000,SURVEY,2021,MONTHLY,JUN,6,,NATIONAL,TOTAL,US,,CORN,FOR INDUSTRIAL ALCOHOL,USAGE,BU,"CORN, FOR INDUSTRIAL ALCOHOL - USAGE, MEASURED IN BU",NOT SPECIFIED,ALL CLASSES,6244000
2022-03-01 15:00:12.000,SURVEY,2021,MONTHLY,JUL,7,,NATIONAL,TOTAL,US,,CORN,FOR INDUSTRIAL ALCOHOL,USAGE,BU,"CORN, FOR INDUSTRIAL ALCOHOL - USAGE, MEASURED IN BU",NOT SPECIFIED,ALL CLASSES,6065000
2022-03-01 15:00:12.000,SURVEY,2021,MONTHLY,AUG,8,,NATIONAL,TOTAL,US,,CORN,FOR INDUSTRIAL ALCOHOL,USAGE,BU,"CORN, FOR INDUSTRIAL ALCOHOL - USAGE, MEASURED IN BU",NOT SPECIFIED,ALL CLASSES,7291000
2022-03-01 15:00:12.000,SURVEY,2021,MONTHLY,SEP,9,,NATIONAL,TOTAL,US,,CORN,FOR INDUSTRIAL ALCOHOL,USAGE,BU,"CORN, FOR INDUSTRIAL ALCOHOL - USAGE, MEASURED IN BU",NOT SPECIFIED,ALL CLASSES,7014000
2022-03-01 15:00:12.000,SURVEY,2021,MONTHLY,OCT,10,,NATIONAL,TOTAL,US,,CORN,FOR INDUSTRIAL ALCOHOL,USAGE,BU,"CORN, FOR INDUSTRIAL ALCOHOL - USAGE, MEASURED IN BU",NOT SPECIFIED,ALL CLASSES,6092000
2022-03-01 15:00:12.000,SURVEY,2021,MONTHLY,NOV,11,,NATIONAL,TOTAL,US,,CORN,FOR INDUSTRIAL ALCOHOL,USAGE,BU,"CORN, FOR INDUSTRIAL ALCOHOL - USAGE, MEASURED IN BU",NOT SPECIFIED,ALL CLASSES,6362000
2022-03-01 15:00:12.000,SURVEY,2021,MONTHLY,DEC,12,,NATIONAL,TOTAL,US,,CORN,FOR INDUSTRIAL ALCOHOL,USAGE,BU,"CORN, FOR INDUSTRIAL ALCOHOL - USAGE, MEASURED IN BU",NOT SPECIFIED,ALL CLASSES,8072000
2023-09-01 15:00:00.000,SURVEY,2022,MONTHLY,JAN,1,,NATIONAL,TOTAL,US,,CORN,FOR BEVERAGE ALCOHOL,USAGE,BU,"CORN, FOR BEVERAGE ALCOHOL - USAGE, MEASURED IN BU",NOT SPECIFIED,ALL CLASSES,3787000
2023-09-01 15:00:00.000,SURVEY,2022,MONTHLY,FEB,2,,NATIONAL,TOTAL,US,,CORN,FOR BEVERAGE ALCOHOL,USAGE,BU,"CORN, FOR BEVERAGE ALCOHOL - USAGE, MEASURED IN BU",NOT SPECIFIED,ALL CLASSES,4061000
2023-09-01 15:00:00.000,SURVEY,2022,MONTHLY,MAR,3,,NATIONAL,TOTAL,US,,CORN,FOR BEVERAGE ALCOHOL,USAGE,BU,"CORN, FOR BEVERAGE ALCOHOL - USAGE, MEASURED IN BU",NOT SPECIFIED,ALL CLASSES,4330000
2023-09-01 15:00:00.000,SURVEY,2022,MONTHLY,APR,4,,NATIONAL,TOTAL,US,,CORN,FOR BEVERAGE ALCOHOL,USAGE,BU,"CORN, FOR BEVERAGE ALCOHOL - USAGE, MEASURED IN BU",NOT SPECIFIED,ALL CLASSES,3971000
2023-09-01 15:00:00.000,SURVEY,2022,MONTHLY,MAY,5,,NATIONAL,TOTAL,US,,CORN,FOR BEVERAGE ALCOHOL,USAGE,BU,"CORN, FOR BEVERAGE ALCOHOL - USAGE, MEASURED IN BU",NOT SPECIFIED,ALL CLASSES,4646000
2023-09-01 15:00:00.000,SURVEY,2022,MONTHLY,JUN,6,,NATIONAL,TOTAL,US,,CORN,FOR BEVERAGE ALCOHOL,USAGE,BU,"CORN, FOR BEVERAGE ALCOHOL - USAGE, MEASURED IN BU",NOT SPECIFIED,ALL CLASSES,3667000
2023-09-01 15:00:00.000,SURVEY,2022,MONTHLY,JUL,7,,NATIONAL,TOTAL,US,,CORN,FOR BEVERAGE ALCOHOL,USAGE,BU,"CORN, FOR BEVERAGE ALCOHOL - USAGE, MEASURED IN BU",NOT SPECIFIED,ALL CLASSES,3399000
2023-09-01 15:00:00.000,SURVEY,2022,MONTHLY,AUG,8,,NATIONAL,TOTAL,US,,CORN,FOR BEVERAGE ALCOHOL,USAGE,BU,"CORN, FOR BEVERAGE ALCOHOL - USAGE, MEASURED IN BU",NOT SPECIFIED,ALL CLASSES,4012000
2023-09-01 15:00:00.000,SURVEY,2022,MONTHLY,SEP,9,,NATIONAL,TOTAL,US,,CORN,FOR BEVERAGE ALCOHOL,USAGE,BU,"CORN, FOR BEVERAGE ALCOHOL - USAGE, MEASURED IN BU",NOT SPECIFIED,ALL CLASSES,4474000
2023-09-01 15:00:00.000,SURVEY,2022,MONTHLY,OCT,10,,NATIONAL,TOTAL,US,,CORN,FOR BEVERAGE ALCOHOL,USAGE,BU,"CORN, FOR BEVERAGE ALCOHOL - USAGE, MEASURED IN BU",NOT SPECIFIED,ALL CLASSES,4585000
2023-09-01 15:00:00.000,SURVEY,2022,MONTHLY,NOV,11,,NATIONAL,TOTAL,US,,CORN,FOR BEVERAGE ALCOHOL,USAGE,BU,"CORN, FOR BEVERAGE ALCOHOL - USAGE, MEASURED IN BU",NOT SPECIFIED,ALL CLASSES,4417000
2023-09-01 15:00:00.000,SURVEY,2022,MONTHLY,DEC,12,,NATIONAL,TOTAL,US,,CORN,FOR BEVERAGE ALCOHOL,USAGE,BU,"CORN, FOR BEVERAGE ALCOHOL - USAGE, MEASURED IN BU",NOT SPECIFIED,ALL CLASSES,4448000
2023-09-01 15:00:00.000,SURVEY,2022,MONTHLY,JAN,1,,NATIONAL,TOTAL,US,,CORN,FOR FUEL ALCOHOL,USAGE,BU,"CORN, FOR FUEL ALCOHOL - USAGE, MEASURED IN BU",NOT SPECIFIED,ALL CLASSES,462345000
2023-09-01 15:00:00.000,SURVEY,2022,MONTHLY,FEB,2,,NATIONAL,TOTAL,US,,CORN,FOR FUEL ALCOHOL,USAGE,BU,"CORN, FOR FUEL ALCOHOL - USAGE, MEASURED IN BU",NOT SPECIFIED,ALL CLASSES,404555000
2023-09-01 15:00:00.000,SURVEY,2022,MONTHLY,MAR,3,,NATIONAL,TOTAL,US,,CORN,FOR FUEL ALCOHOL,USAGE,BU,"CORN, FOR FUEL ALCOHOL - USAGE, MEASURED IN BU",NOT SPECIFIED,ALL CLASSES,451390000
2023-09-01 15:00:00.000,SURVEY,2022,MONTHLY,APR,4,,NATIONAL,TOTAL,US,,CORN,FOR FUEL ALCOHOL,USAGE,BU,"CORN, FOR FUEL ALCOHOL - USAGE, MEASURED IN BU",NOT SPECIFIED,ALL CLASSES,414997000
2023-09-01 15:00:00.000,SURVEY,2022,MONTHLY,MAY,5,,NATIONAL,TOTAL,US,,CORN,FOR FUEL ALCOHOL,USAGE,BU,"CORN, FOR FUEL ALCOHOL - USAGE, MEASURED IN BU",NOT SPECIFIED,ALL CLASSES,445899000
2023-09-01 15:00:00.000,SURVEY,2022,MONTHLY,JUN,6,,NATIONAL,TOTAL,US,,CORN,FOR FUEL ALCOHOL,USAGE,BU,"CORN, FOR FUEL ALCOHOL - USAGE, MEASURED IN BU",NOT SPECIFIED,ALL CLASSES,443934000
2023-09-01 15:00:00.000,SURVEY,2022,MONTHLY,JUL,7,,NATIONAL,TOTAL,US,,CORN,FOR FUEL ALCOHOL,USAGE,BU,"CORN, FOR FUEL ALCOHOL - USAGE, MEASURED IN BU",NOT SPECIFIED,ALL CLASSES,445741000
2023-09-01 15:00:00.000,SURVEY,2022,MONTHLY,AUG,8,,NATIONAL,TOTAL,US,,CORN,FOR FUEL ALCOHOL,USAGE,BU,"CORN, FOR FUEL ALCOHOL - USAGE, MEASURED IN BU",NOT SPECIFIED,ALL CLASSES,430602000
2023-09-01 15:00:00.000,SURVEY,2022,MONTHLY,SEP,9,,NATIONAL,TOTAL,US,,CORN,FOR FUEL ALCOHOL,USAGE,BU,"CORN, FOR FUEL ALCOHOL - USAGE, MEASURED IN BU",NOT SPECIFIED,ALL CLASSES,383273000
2023-09-01 15:00:00.000,SURVEY,2022,MONTHLY,OCT,10,,NATIONAL,TOTAL,US,,CORN,FOR FUEL ALCOHOL,USAGE,BU,"CORN, FOR FUEL ALCOHOL - USAGE, MEASURED IN BU",NOT SPECIFIED,ALL CLASSES,448616000
2023-09-01 15:00:00.000,SURVEY,2022,MONTHLY,NOV,11,,NATIONAL,TOTAL,US,,CORN,FOR FUEL ALCOHOL,USAGE,BU,"CORN, FOR FUEL ALCOHOL - USAGE, MEASURED IN BU",NOT SPECIFIED,ALL CLASSES,450535000
2023-09-01 15:00:00.000,SURVEY,2022,MONTHLY,DEC,12,,NATIONAL,TOTAL,US,,CORN,FOR FUEL ALCOHOL,USAGE,BU,"CORN, FOR FUEL ALCOHOL - USAGE, MEASURED IN BU",NOT SPECIFIED,ALL CLASSES,425788000
2023-09-01 15:00:00.000,SURVEY,2022,MONTHLY,JAN,1,,NATIONAL,TOTAL,US,,CORN,FOR INDUSTRIAL ALCOHOL,USAGE,BU,"CORN, FOR INDUSTRIAL ALCOHOL - USAGE, MEASURED IN BU",NOT SPECIFIED,ALL CLASSES,8238000
2023-09-01 15:00:00.000,SURVEY,2022,MONTHLY,FEB,2,,NATIONAL,TOTAL,US,,CORN,FOR INDUSTRIAL ALCOHOL,USAGE,BU,"CORN, FOR INDUSTRIAL ALCOHOL - USAGE, MEASURED IN BU",NOT SPECIFIED,ALL CLASSES,7119000
2023-09-01 15:00:00.000,SURVEY,2022,MONTHLY,MAR,3,,NATIONAL,TOTAL,US,,CORN,FOR INDUSTRIAL ALCOHOL,USAGE,BU,"CORN, FOR INDUSTRIAL ALCOHOL - USAGE, MEASURED IN BU",NOT SPECIFIED,ALL CLASSES,8946000
2023-09-01 15:00:00.000,SURVEY,2022,MONTHLY,APR,4,,NATIONAL,TOTAL,US,,CORN,FOR INDUSTRIAL ALCOHOL,USAGE,BU,"CORN, FOR INDUSTRIAL ALCOHOL - USAGE, MEASURED IN BU",NOT SPECIFIED,ALL CLASSES,8529000
2023-09-01 15:00:00.000,SURVEY,2022,MONTHLY,MAY,5,,NATIONAL,TOTAL,US,,CORN,FOR INDUSTRIAL ALCOHOL,USAGE,BU,"CORN, FOR INDUSTRIAL ALCOHOL - USAGE, MEASURED IN BU",NOT SPECIFIED,ALL CLASSES,7587000
2023-09-01 15:00:00.000,SURVEY,2022,MONTHLY,JUN,6,,NATIONAL,TOTAL,US,,CORN,FOR INDUSTRIAL ALCOHOL,USAGE,BU,"CORN, FOR INDUSTRIAL ALCOHOL - USAGE, MEASURED IN BU",NOT SPECIFIED,ALL CLASSES,5183000
2023-09-01 15:00:00.000,SURVEY,2022,MONTHLY,JUL,7,,NATIONAL,TOTAL,US,,CORN,FOR INDUSTRIAL ALCOHOL,USAGE,BU,"CORN, FOR INDUSTRIAL ALCOHOL - USAGE, MEASURED IN BU",NOT SPECIFIED,ALL CLASSES,7188000
2023-09-01 15:00:00.000,SURVEY,2022,MONTHLY,AUG,8,,NATIONAL,TOTAL,US,,CORN,FOR INDUSTRIAL ALCOHOL,USAGE,BU,"CORN, FOR INDUSTRIAL ALCOHOL - USAGE, MEASURED IN BU",NOT SPECIFIED,ALL CLASSES,7121000
2023-09-01 15:00:00.000,SURVEY,2022,MONTHLY,SEP,9,,NATIONAL,TOTAL,US,,CORN,FOR INDUSTRIAL ALCOHOL,USAGE,BU,"CORN, FOR INDUSTRIAL ALCOHOL - USAGE, MEASURED IN BU",NOT SPECIFIED,ALL CLASSES,6411000
2023-09-01 15:00:00.000,SURVEY,2022,MONTHLY,OCT,10,,NATIONAL,TOTAL,US,,CORN,FOR INDUSTRIAL ALCOHOL,USAGE,BU,"CORN, FOR INDUSTRIAL ALCOHOL - USAGE, MEASURED IN BU",NOT SPECIFIED,ALL CLASSES,6898000
2023-09-01 15:00:00.000,SURVEY,2022,MONTHLY,NOV,11,,NATIONAL,TOTAL,US,,CORN,FOR INDUSTRIAL ALCOHOL,USAGE,BU,"CORN, FOR INDUSTRIAL ALCOHOL - USAGE, MEASURED IN BU",NOT SPECIFIED,ALL CLASSES,5638000
2023-09-01 15:00:00.000,SURVEY,2022,MONTHLY,DEC,12,,NATIONAL,TOTAL,US,,CORN,FOR INDUSTRIAL ALCOHOL,USAGE,BU,"CORN, FOR INDUSTRIAL ALCOHOL - USAGE, MEASURED IN BU",NOT SPECIFIED,ALL CLASSES,5988000
2024-09-03 15:00:00.000,SURVEY,2023,MONTHLY,JAN,1,,NATIONAL,TOTAL,US,,CORN,FOR BEVERAGE ALCOHOL,USAGE,BU,"CORN, FOR BEVERAGE ALCOHOL - USAGE, MEASURED IN BU",NOT SPECIFIED,ALL CLASSES,6082000
2024-09-03 15:00:00.000,SURVEY,2023,MONTHLY,FEB,2,,NATIONAL,TOTAL,US,,CORN,FOR BEVERAGE ALCOHOL,USAGE,BU,"CORN, FOR BEVERAGE ALCOHOL - USAGE, MEASURED IN BU",NOT SPECIFIED,ALL CLASSES,3362000
2024-09-03 15:00:00.000,SURVEY,2023,MONTHLY,MAR,3,,NATIONAL,TOTAL,US,,CORN,FOR BEVERAGE ALCOHOL,USAGE,BU,"CORN, FOR BEVERAGE ALCOHOL - USAGE, MEASURED IN BU",NOT SPECIFIED,ALL CLASSES,5707000
2024-09-03 15:00:00.000,SURVEY,2023,MONTHLY,APR,4,,NATIONAL,TOTAL,US,,CORN,FOR BEVERAGE ALCOHOL,USAGE,BU,"CORN, FOR BEVERAGE ALCOHOL - USAGE, MEASURED IN BU",NOT SPECIFIED,ALL CLASSES,6355000
2024-09-03 15:00:00.000,SURVEY,2023,MONTHLY,MAY,5,,NATIONAL,TOTAL,US,,CORN,FOR BEVERAGE ALCOHOL,USAGE,BU,"CORN, FOR BEVERAGE ALCOHOL - USAGE, MEASURED IN BU",NOT SPECIFIED,ALL CLASSES,5149000
2024-09-03 15:00:00.000,SURVEY,2023,MONTHLY,JUN,6,,NATIONAL,TOTAL,US,,CORN,FOR BEVERAGE ALCOHOL,USAGE,BU,"CORN, FOR BEVERAGE ALCOHOL - USAGE, MEASURED IN BU",NOT SPECIFIED,ALL CLASSES,5406000
2024-09-03 15:00:00.000,SURVEY,2023,MONTHLY,JUL,7,,NATIONAL,TOTAL,US,,CORN,FOR BEVERAGE ALCOHOL,USAGE,BU,"CORN, FOR BEVERAGE ALCOHOL - USAGE, MEASURED IN BU",NOT SPECIFIED,ALL CLASSES,4877000
2024-09-03 15:00:00.000,SURVEY,2023,MONTHLY,AUG,8,,NATIONAL,TOTAL,US,,CORN,FOR BEVERAGE ALCOHOL,USAGE,BU,"CORN, FOR BEVERAGE ALCOHOL - USAGE, MEASURED IN BU",NOT SPECIFIED,ALL CLASSES,4956000
2024-09-03 15:00:00.000,SURVEY,2023,MONTHLY,SEP,9,,NATIONAL,TOTAL,US,,CORN,FOR BEVERAGE ALCOHOL,USAGE,BU,"CORN, FOR BEVERAGE ALCOHOL - USAGE, MEASURED IN BU",NOT SPECIFIED,ALL CLASSES,5381000
2024-09-03 15:00:00.000,SURVEY,2023,MONTHLY,OCT,10,,NATIONAL,TOTAL,US,,CORN,FOR BEVERAGE ALCOHOL,USAGE,BU,"CORN, FOR BEVERAGE ALCOHOL - USAGE, MEASURED IN BU",NOT SPECIFIED,ALL CLASSES,6421000
2024-09-03 15:00:00.000,SURVEY,2023,MONTHLY,NOV,11,,NATIONAL,TOTAL,US,,CORN,FOR BEVERAGE ALCOHOL,USAGE,BU,"CORN, FOR BEVERAGE ALCOHOL - USAGE, MEASURED IN BU",NOT SPECIFIED,ALL CLASSES,5351000
2024-09-03 15:00:00.000,SURVEY,2023,MONTHLY,DEC,12,,NATIONAL,TOTAL,US,,CORN,FOR BEVERAGE ALCOHOL,USAGE,BU,"CORN, FOR BEVERAGE ALCOHOL - USAGE, MEASURED IN BU",NOT SPECIFIED,ALL CLASSES,3795000
2024-09-03 15:00:00.000,SURVEY,2023,MONTHLY,JAN,1,,NATIONAL,TOTAL,US,,CORN,FOR FUEL ALCOHOL,USAGE,BU,"CORN, FOR FUEL ALCOHOL - USAGE, MEASURED IN BU",NOT SPECIFIED,ALL CLASSES,441567000
2024-09-03 15:00:00.000,SURVEY,2023,MONTHLY,FEB,2,,NATIONAL,TOTAL,US,,CORN,FOR FUEL ALCOHOL,USAGE,BU,"CORN, FOR FUEL ALCOHOL - USAGE, MEASURED IN BU",NOT SPECIFIED,ALL CLASSES,398245000
2024-09-03 15:00:00.000,SURVEY,2023,MONTHLY,MAR,3,,NATIONAL,TOTAL,US,,CORN,FOR FUEL ALCOHOL,USAGE,BU,"CORN, FOR FUEL ALCOHOL - USAGE, MEASURED IN BU",NOT SPECIFIED,ALL CLASSES,436255000
2024-09-03 15:00:00.000,SURVEY,2023,MONTHLY,APR,4,,NATIONAL,TOTAL,US,,CORN,FOR FUEL ALCOHOL,USAGE,BU,"CORN, FOR FUEL ALCOHOL - USAGE, MEASURED IN BU",NOT SPECIFIED,ALL CLASSES,413519000
2024-09-03 15:00:00.000,SURVEY,2023,MONTHLY,MAY,5,,NATIONAL,TOTAL,US,,CORN,FOR FUEL ALCOHOL,USAGE,BU,"CORN, FOR FUEL ALCOHOL - USAGE, MEASURED IN BU",NOT SPECIFIED,ALL CLASSES,439011000
2024-09-03 15:00:00.000,SURVEY,2023,MONTHLY,JUN,6,,NATIONAL,TOTAL,US,,CORN,FOR FUEL ALCOHOL,USAGE,BU,"CORN, FOR FUEL ALCOHOL - USAGE, MEASURED IN BU",NOT SPECIFIED,ALL CLASSES,441906000
2024-09-03 15:00:00.000,SURVEY,2023,MONTHLY,JUL,7,,NATIONAL,TOTAL,US,,CORN,FOR FUEL ALCOHOL,USAGE,BU,"CORN, FOR FUEL ALCOHOL - USAGE, MEASURED IN BU",NOT SPECIFIED,ALL CLASSES,455241000
2024-09-03 15:00:00.000,SURVEY,2023,MONTHLY,AUG,8,,NATIONAL,TOTAL,US,,CORN,FOR FUEL ALCOHOL,USAGE,BU,"CORN, FOR FUEL ALCOHOL - USAGE, MEASURED IN BU",NOT SPECIFIED,ALL CLASSES,441696000
2024-09-03 15:00:00.000,SURVEY,2023,MONTHLY,SEP,9,,NATIONAL,TOTAL,US,,CORN,FOR FUEL ALCOHOL,USAGE,BU,"CORN, FOR FUEL ALCOHOL - USAGE, MEASURED IN BU",NOT SPECIFIED,ALL CLASSES,428419000
2024-09-03 15:00:00.000,SURVEY,2023,MONTHLY,OCT,10,,NATIONAL,TOTAL,US,,CORN,FOR FUEL ALCOHOL,USAGE,BU,"CORN, FOR FUEL ALCOHOL - USAGE, MEASURED IN BU",NOT SPECIFIED,ALL CLASSES,462347000
2024-09-03 15:00:00.000,SURVEY,2023,MONTHLY,NOV,11,,NATIONAL,TOTAL,US,,CORN,FOR FUEL ALCOHOL,USAGE,BU,"CORN, FOR FUEL ALCOHOL - USAGE, MEASURED IN BU",NOT SPECIFIED,ALL CLASSES,457162000
2024-09-03 15:00:00.000,SURVEY,2023,MONTHLY,DEC,12,,NATIONAL,TOTAL,US,,CORN,FOR FUEL ALCOHOL,USAGE,BU,"CORN, FOR FUEL ALCOHOL - USAGE, MEASURED IN BU",NOT SPECIFIED,ALL CLASSES,484226000
2024-09-03 15:00:00.000,SURVEY,2023,MONTHLY,JAN,1,,NATIONAL,TOTAL,US,,CORN,FOR INDUSTRIAL ALCOHOL,USAGE,BU,"CORN, FOR INDUSTRIAL ALCOHOL - USAGE, MEASURED IN BU",NOT SPECIFIED,ALL CLASSES,5582000
2024-09-03 15:00:00.000,SURVEY,2023,MONTHLY,FEB,2,,NATIONAL,TOTAL,US,,CORN,FOR INDUSTRIAL ALCOHOL,USAGE,BU,"CORN, FOR INDUSTRIAL ALCOHOL - USAGE, MEASURED IN BU",NOT SPECIFIED,ALL CLASSES,4970000
2024-09-03 15:00:00.000,SURVEY,2023,MONTHLY,MAR,3,,NATIONAL,TOTAL,US,,CORN,FOR INDUSTRIAL ALCOHOL,USAGE,BU,"CORN, FOR INDUSTRIAL ALCOHOL - USAGE, MEASURED IN BU",NOT SPECIFIED,ALL CLASSES,5966000
2024-09-03 15:00:00.000,SURVEY,2023,MONTHLY,APR,4,,NATIONAL,TOTAL,US,,CORN,FOR INDUSTRIAL ALCOHOL,USAGE,BU,"CORN, FOR INDUSTRIAL ALCOHOL - USAGE, MEASURED IN BU",NOT SPECIFIED,ALL CLASSES,5892000
2024-09-03 15:00:00.000,SURVEY,2023,MONTHLY,MAY,5,,NATIONAL,TOTAL,US,,CORN,FOR INDUSTRIAL ALCOHOL,USAGE,BU,"CORN, FOR INDUSTRIAL ALCOHOL - USAGE, MEASURED IN BU",NOT SPECIFIED,ALL CLASSES,7520000
2024-09-03 15:00:00.000,SURVEY,2023,MONTHLY,JUN,6,,NATIONAL,TOTAL,US,,CORN,FOR INDUSTRIAL ALCOHOL,USAGE,BU,"CORN, FOR INDUSTRIAL ALCOHOL - USAGE, MEASURED IN BU",NOT SPECIFIED,ALL CLASSES,6263000
2024-09-03 15:00:00.000,SURVEY,2023,MONTHLY,JUL,7,,NATIONAL,TOTAL,US,,CORN,FOR INDUSTRIAL ALCOHOL,USAGE,BU,"CORN, FOR INDUSTRIAL ALCOHOL - USAGE, MEASURED IN BU",NOT SPECIFIED,ALL CLASSES,4753000
2024-09-03 15:00:00.000,SURVEY,2023,MONTHLY,AUG,8,,NATIONAL,TOTAL,US,,CORN,FOR INDUSTRIAL ALCOHOL,USAGE,BU,"CORN, FOR INDUSTRIAL ALCOHOL - USAGE, MEASURED IN BU",NOT SPECIFIED,ALL CLASSES,4828000
2024-09-03 15:00:00.000,SURVEY,2023,MONTHLY,SEP,9,,NATIONAL,TOTAL,US,,CORN,FOR INDUSTRIAL ALCOHOL,USAGE,BU,"CORN, FOR INDUSTRIAL ALCOHOL - USAGE, MEASURED IN BU",NOT SPECIFIED,ALL CLASSES,4255000
2024-09-03 15:00:00.000,SURVEY,2023,MONTHLY,OCT,10,,NATIONAL,TOTAL,US,,CORN,FOR INDUSTRIAL ALCOHOL,USAGE,BU,"CORN, FOR INDUSTRIAL ALCOHOL - USAGE, MEASURED IN BU",NOT SPECIFIED,ALL CLASSES,4750000
2024-09-03 15:00:00.000,SURVEY,2023,MONTHLY,NOV,11,,NATIONAL,TOTAL,US,,CORN,FOR INDUSTRIAL ALCOHOL,USAGE,BU,"CORN, FOR INDUSTRIAL ALCOHOL - USAGE, MEASURED IN BU",NOT SPECIFIED,ALL CLASSES,6116000
2024-09-03 15:00:00.000,SURVEY,2023,MONTHLY,DEC,12,,NATIONAL,TOTAL,US,,CORN,FOR INDUSTRIAL ALCOHOL,USAGE,BU,"CORN, FOR INDUSTRIAL ALCOHOL - USAGE, MEASURED IN BU",NOT SPECIFIED,ALL CLASSES,6361000
2024-04-01 15:00:00.000,SURVEY,2024,MONTHLY,JAN,1,,NATIONAL,TOTAL,US,,CORN,FOR BEVERAGE ALCOHOL,USAGE,BU,"CORN, FOR BEVERAGE ALCOHOL - USAGE, MEASURED IN BU",NOT SPECIFIED,ALL CLASSES,3999000
2024-05-01 15:00:00.000,SURVEY,2024,MONTHLY,FEB,2,,NATIONAL,TOTAL,US,,CORN,FOR BEVERAGE ALCOHOL,USAGE,BU,"CORN, FOR BEVERAGE ALCOHOL - USAGE, MEASURED IN BU",NOT SPECIFIED,ALL CLASSES,4535000
2024-06-03 15:00:00.000,SURVEY,2024,MONTHLY,MAR,3,,NATIONAL,TOTAL,US,,CORN,FOR BEVERAGE ALCOHOL,USAGE,BU,"CORN, FOR BEVERAGE ALCOHOL - USAGE, MEASURED IN BU",NOT SPECIFIED,ALL CLASSES,4300000
2024-07-01 15:00:00.000,SURVEY,2024,MONTHLY,APR,4,,NATIONAL,TOTAL,US,,CORN,FOR BEVERAGE ALCOHOL,USAGE,BU,"CORN, FOR BEVERAGE ALCOHOL - USAGE, MEASURED IN BU",NOT SPECIFIED,ALL CLASSES,4157000
2024-08-01 15:00:00.000,SURVEY,2024,MONTHLY,MAY,5,,NATIONAL,TOTAL,US,,CORN,FOR BEVERAGE ALCOHOL,USAGE,BU,"CORN, FOR BEVERAGE ALCOHOL - USAGE, MEASURED IN BU",NOT SPECIFIED,ALL CLASSES,3747000
2024-09-03 15:00:00.000,SURVEY,2024,MONTHLY,JUN,6,,NATIONAL,TOTAL,US,,CORN,FOR BEVERAGE ALCOHOL,USAGE,BU,"CORN, FOR BEVERAGE ALCOHOL - USAGE, MEASURED IN BU",NOT SPECIFIED,ALL CLASSES,4032000
2024-10-01 15:00:00.000,SURVEY,2024,MONTHLY,JUL,7,,NATIONAL,TOTAL,US,,CORN,FOR BEVERAGE ALCOHOL,USAGE,BU,"CORN, FOR BEVERAGE ALCOHOL - USAGE, MEASURED IN BU",NOT SPECIFIED,ALL CLASSES,4636000
2024-11-01 15:00:00.000,SURVEY,2024,MONTHLY,AUG,8,,NATIONAL,TOTAL,US,,CORN,FOR BEVERAGE ALCOHOL,USAGE,BU,"CORN, FOR BEVERAGE ALCOHOL - USAGE, MEASURED IN BU",NOT SPECIFIED,ALL CLASSES,3913000
2024-12-02 15:00:00.000,SURVEY,2024,MONTHLY,SEP,9,,NATIONAL,TOTAL,US,,CORN,FOR BEVERAGE ALCOHOL,USAGE,BU,"CORN, FOR BEVERAGE ALCOHOL - USAGE, MEASURED IN BU",NOT SPECIFIED,ALL CLASSES,3513000
2025-01-02 15:00:00.000,SURVEY,2024,MONTHLY,OCT,10,,NATIONAL,TOTAL,US,,CORN,FOR BEVERAGE ALCOHOL,USAGE,BU,"CORN, FOR BEVERAGE ALCOHOL - USAGE, MEASURED IN BU",NOT SPECIFIED,ALL CLASSES,3494000
2025-02-03 15:00:00.000,SURVEY,2024,MONTHLY,NOV,11,,NATIONAL,TOTAL,US,,CORN,FOR BEVERAGE ALCOHOL,USAGE,BU,"CORN, FOR BEVERAGE ALCOHOL - USAGE, MEASURED IN BU",NOT SPECIFIED,ALL CLASSES,3876000
2025-03-03 15:00:00.000,SURVEY,2024,MONTHLY,DEC,12,,NATIONAL,TOTAL,US,,CORN,FOR BEVERAGE ALCOHOL,USAGE,BU,"CORN, FOR BEVERAGE ALCOHOL - USAGE, MEASURED IN BU",NOT SPECIFIED,ALL CLASSES,3184000
2024-04-01 15:00:00.000,SURVEY,2024,MONTHLY,JAN,1,,NATIONAL,TOTAL,US,,CORN,FOR FUEL ALCOHOL,USAGE,BU,"CORN, FOR FUEL ALCOHOL - USAGE, MEASURED IN BU",NOT SPECIFIED,ALL CLASSES,441076000
2024-05-01 15:00:00.000,SURVEY,2024,MONTHLY,FEB,2,,NATIONAL,TOTAL,US,,CORN,FOR FUEL ALCOHOL,USAGE,BU,"CORN, FOR FUEL ALCOHOL - USAGE, MEASURED IN BU",NOT SPECIFIED,ALL CLASSES,445484000
2024-06-03 15:00:00.000,SURVEY,2024,MONTHLY,MAR,3,,NATIONAL,TOTAL,US,,CORN,FOR FUEL ALCOHOL,USAGE,BU,"CORN, FOR FUEL ALCOHOL - USAGE, MEASURED IN BU",NOT SPECIFIED,ALL CLASSES,472076000
2024-07-01 15:00:00.000,SURVEY,2024,MONTHLY,APR,4,,NATIONAL,TOTAL,US,,CORN,FOR FUEL ALCOHOL,USAGE,BU,"CORN, FOR FUEL ALCOHOL - USAGE, MEASURED IN BU",NOT SPECIFIED,ALL CLASSES,422567000
2024-08-01 15:00:00.000,SURVEY,2024,MONTHLY,MAY,5,,NATIONAL,TOTAL,US,,CORN,FOR FUEL ALCOHOL,USAGE,BU,"CORN, FOR FUEL ALCOHOL - USAGE, MEASURED IN BU",NOT SPECIFIED,ALL CLASSES,455399000
2024-09-03 15:00:00.000,SURVEY,2024,MONTHLY,JUN,6,,NATIONAL,TOTAL,US,,CORN,FOR FUEL ALCOHOL,USAGE,BU,"CORN, FOR FUEL ALCOHOL - USAGE, MEASURED IN BU",NOT SPECIFIED,ALL CLASSES,446136000
2024-10-01 15:00:00.000,SURVEY,2024,MONTHLY,JUL,7,,NATIONAL,TOTAL,US,,CORN,FOR FUEL ALCOHOL,USAGE,BU,"CORN, FOR FUEL ALCOHOL - USAGE, MEASURED IN BU",NOT SPECIFIED,ALL CLASSES,483870000
2024-11-01 15:00:00.000,SURVEY,2024,MONTHLY,AUG,8,,NATIONAL,TOTAL,US,,CORN,FOR FUEL ALCOHOL,USAGE,BU,"CORN, FOR FUEL ALCOHOL - USAGE, MEASURED IN BU",NOT SPECIFIED,ALL CLASSES,479548000
2024-12-02 15:00:00.000,SURVEY,2024,MONTHLY,SEP,9,,NATIONAL,TOTAL,US,,CORN,FOR FUEL ALCOHOL,USAGE,BU,"CORN, FOR FUEL ALCOHOL - USAGE, MEASURED IN BU",NOT SPECIFIED,ALL CLASSES,447259000
2025-01-02 15:00:00.000,SURVEY,2024,MONTHLY,OCT,10,,NATIONAL,TOTAL,US,,CORN,FOR FUEL ALCOHOL,USAGE,BU,"CORN, FOR FUEL ALCOHOL - USAGE, MEASURED IN BU",NOT SPECIFIED,ALL CLASSES,466663000
2025-02-03 15:00:00.000,SURVEY,2024,MONTHLY,NOV,11,,NATIONAL,TOTAL,US,,CORN,FOR FUEL ALCOHOL,USAGE,BU,"CORN, FOR FUEL ALCOHOL - USAGE, MEASURED IN BU",NOT SPECIFIED,ALL CLASSES,471563000
2025-03-03 15:00:00.000,SURVEY,2024,MONTHLY,DEC,12,,NATIONAL,TOTAL,US,,CORN,FOR FUEL ALCOHOL,USAGE,BU,"CORN, FOR FUEL ALCOHOL - USAGE, MEASURED IN BU",NOT SPECIFIED,ALL CLASSES,479663000
2024-04-01 15:00:00.000,SURVEY,2024,MONTHLY,JAN,1,,NATIONAL,TOTAL,US,,CORN,FOR INDUSTRIAL ALCOHOL,USAGE,BU,"CORN, FOR INDUSTRIAL ALCOHOL - USAGE, MEASURED IN BU",NOT SPECIFIED,ALL CLASSES,5228000
2024-05-01 15:00:00.000,SURVEY,2024,MONTHLY,FEB,2,,NATIONAL,TOTAL,US,,CORN,FOR INDUSTRIAL ALCOHOL,USAGE,BU,"CORN, FOR INDUSTRIAL ALCOHOL - USAGE, MEASURED IN BU",NOT SPECIFIED,ALL CLASSES,7413000
2024-06-03 15:00:00.000,SURVEY,2024,MONTHLY,MAR,3,,NATIONAL,TOTAL,US,,CORN,FOR INDUSTRIAL ALCOHOL,USAGE,BU,"CORN, FOR INDUSTRIAL ALCOHOL - USAGE, MEASURED IN BU",NOT SPECIFIED,ALL CLASSES,8421000
2024-07-01 15:00:00.000,SURVEY,2024,MONTHLY,APR,4,,NATIONAL,TOTAL,US,,CORN,FOR INDUSTRIAL ALCOHOL,USAGE,BU,"CORN, FOR INDUSTRIAL ALCOHOL - USAGE, MEASURED IN BU",NOT SPECIFIED,ALL CLASSES,6145000
2024-08-01 15:00:00.000,SURVEY,2024,MONTHLY,MAY,5,,NATIONAL,TOTAL,US,,CORN,FOR INDUSTRIAL ALCOHOL,USAGE,BU,"CORN, FOR INDUSTRIAL ALCOHOL - USAGE, MEASURED IN BU",NOT SPECIFIED,ALL CLASSES,6709000
2024-09-03 15:00:00.000,SURVEY,2024,MONTHLY,JUN,6,,NATIONAL,TOTAL,US,,CORN,FOR INDUSTRIAL ALCOHOL,USAGE,BU,"CORN, FOR INDUSTRIAL ALCOHOL - USAGE, MEASURED IN BU",NOT SPECIFIED,ALL CLASSES,6862000
2024-10-01 15:00:00.000,SURVEY,2024,MONTHLY,JUL,7,,NATIONAL,TOTAL,US,,CORN,FOR INDUSTRIAL ALCOHOL,USAGE,BU,"CORN, FOR INDUSTRIAL ALCOHOL - USAGE, MEASURED IN BU",NOT SPECIFIED,ALL CLASSES,6426000
2024-11-01 15:00:00.000,SURVEY,2024,MONTHLY,AUG,8,,NATIONAL,TOTAL,US,,CORN,FOR INDUSTRIAL ALCOHOL,USAGE,BU,"CORN, FOR INDUSTRIAL ALCOHOL - USAGE, MEASURED IN BU",NOT SPECIFIED,ALL CLASSES,6347000
2024-12-02 15:00:00.000,SURVEY,2024,MONTHLY,SEP,9,,NATIONAL,TOTAL,US,,CORN,FOR INDUSTRIAL ALCOHOL,USAGE,BU,"CORN, FOR INDUSTRIAL ALCOHOL - USAGE, MEASURED IN BU",NOT SPECIFIED,ALL CLASSES,7121000
2025-01-02 15:00:00.000,SURVEY,2024,MONTHLY,OCT,10,,NATIONAL,TOTAL,US,,CORN,FOR INDUSTRIAL ALCOHOL,USAGE,BU,"CORN, FOR INDUSTRIAL ALCOHOL - USAGE, MEASURED IN BU",NOT SPECIFIED,ALL CLASSES,6765000
2025-02-03 15:00:00.000,SURVEY,2024,MONTHLY,NOV,11,,NATIONAL,TOTAL,US,,CORN,FOR INDUSTRIAL ALCOHOL,USAGE,BU,"CORN, FOR INDUSTRIAL ALCOHOL - USAGE, MEASURED IN BU",NOT SPECIFIED,ALL CLASSES,6776000
2025-03-03 15:00:00.000,SURVEY,2024,MONTHLY,DEC,12,,NATIONAL,TOTAL,US,,CORN,FOR INDUSTRIAL ALCOHOL,USAGE,BU,"CORN, FOR INDUSTRIAL ALCOHOL - USAGE, MEASURED IN BU",NOT SPECIFIED,ALL CLASSES,7026000
2025-04-01 15:00:00.000,SURVEY,2025,MONTHLY,JAN,1,,NATIONAL,TOTAL,US,,CORN,FOR BEVERAGE ALCOHOL,USAGE,BU,"CORN, FOR BEVERAGE ALCOHOL - USAGE, MEASURED IN BU",NOT SPECIFIED,ALL CLASSES,2847000
2025-05-01 15:00:00.000,SURVEY,2025,MONTHLY,FEB,2,,NATIONAL,TOTAL,US,,CORN,FOR BEVERAGE ALCOHOL,USAGE,BU,"CORN, FOR BEVERAGE ALCOHOL - USAGE, MEASURED IN BU",NOT SPECIFIED,ALL CLASSES,3036000
2025-06-02 15:00:00.000,SURVEY,2025,MONTHLY,MAR,3,,NATIONAL,TOTAL,US,,CORN,FOR BEVERAGE ALCOHOL,USAGE,BU,"CORN, FOR BEVERAGE ALCOHOL - USAGE, MEASURED IN BU",NOT SPECIFIED,ALL CLASSES,4208000
2025-07-01 15:00:00.000,SURVEY,2025,MONTHLY,APR,4,,NATIONAL,TOTAL,US,,CORN,FOR BEVERAGE ALCOHOL,USAGE,BU,"CORN, FOR BEVERAGE ALCOHOL - USAGE, MEASURED IN BU",NOT SPECIFIED,ALL CLASSES,2683000
2025-07-01 15:00:00.000,SURVEY,2025,MONTHLY,MAY,5,,NATIONAL,TOTAL,US,,CORN,FOR BEVERAGE ALCOHOL,USAGE,BU,"CORN, FOR BEVERAGE ALCOHOL - USAGE, MEASURED IN BU",NOT SPECIFIED,ALL CLASSES,3800000
2025-04-01 15:00:00.000,SURVEY,2025,MONTHLY,JAN,1,,NATIONAL,TOTAL,US,,CORN,FOR FUEL ALCOHOL,USAGE,BU,"CORN, FOR FUEL ALCOHOL - USAGE, MEASURED IN BU",NOT SPECIFIED,ALL CLASSES,467927000
2025-05-01 15:00:00.000,SURVEY,2025,MONTHLY,FEB,2,,NATIONAL,TOTAL,US,,CORN,FOR FUEL ALCOHOL,USAGE,BU,"CORN, FOR FUEL ALCOHOL - USAGE, MEASURED IN BU",NOT SPECIFIED,ALL CLASSES,421738000
2025-06-02 15:00:00.000,SURVEY,2025,MONTHLY,MAR,3,,NATIONAL,TOTAL,US,,CORN,FOR FUEL ALCOHOL,USAGE,BU,"CORN, FOR FUEL ALCOHOL - USAGE, MEASURED IN BU",NOT SPECIFIED,ALL CLASSES,452888000
2025-07-01 15:00:00.000,SURVEY,2025,MONTHLY,APR,4,,NATIONAL,TOTAL,US,,CORN,FOR FUEL ALCOHOL,USAGE,BU,"CORN, FOR FUEL ALCOHOL - USAGE, MEASURED IN BU",NOT SPECIFIED,ALL CLASSES,423248000
2025-07-01 15:00:00.000,SURVEY,2025,MONTHLY,MAY,5,,NATIONAL,TOTAL,US,,CORN,FOR FUEL ALCOHOL,USAGE,BU,"CORN, FOR FUEL ALCOHOL - USAGE, MEASURED IN BU",NOT SPECIFIED,ALL CLASSES,449438000
2025-04-01 15:00:00.000,SURVEY,2025,MONTHLY,JAN,1,,NATIONAL,TOTAL,US,,CORN,FOR INDUSTRIAL ALCOHOL,USAGE,BU,"CORN, FOR INDUSTRIAL ALCOHOL - USAGE, MEASURED IN BU",NOT SPECIFIED,ALL CLASSES,6456000
2025-05-01 15:00:00.000,SURVEY,2025,MONTHLY,FEB,2,,NATIONAL,TOTAL,US,,CORN,FOR INDUSTRIAL ALCOHOL,USAGE,BU,"CORN, FOR INDUSTRIAL ALCOHOL - USAGE, MEASURED IN BU",NOT SPECIFIED,ALL CLASSES,6092000
2025-06-02 15:00:00.000,SURVEY,2025,MONTHLY,MAR,3,,NATIONAL,TOTAL,US,,CORN,FOR INDUSTRIAL ALCOHOL,USAGE,BU,"CORN, FOR INDUSTRIAL ALCOHOL - USAGE, MEASURED IN BU",NOT SPECIFIED,ALL CLASSES,6662000
2025-07-01 15:00:00.000,SURVEY,2025,MONTHLY,APR,4,,NATIONAL,TOTAL,US,,CORN,FOR INDUSTRIAL ALCOHOL,USAGE,BU,"CORN, FOR INDUSTRIAL ALCOHOL - USAGE, MEASURED IN BU",NOT SPECIFIED,ALL CLASSES,7851000
2025-07-01 15:00:00.000,SURVEY,2025,MONTHLY,MAY,5,,NATIONAL,TOTAL,US,,CORN,FOR INDUSTRIAL ALCOHOL,USAGE,BU,"CORN, FOR INDUSTRIAL ALCOHOL - USAGE, MEASURED IN BU",NOT SPECIFIED,ALL CLASSES,7796000
